service	slug	kind	stage	surface	import	spec	logic_gaps	diagram_dir
template	template	Template	scaffold	repo-authored-semantics	imports/template/template.json	controllers/template/spec.cfg	controllers/template/logic-gaps.md	controllers/template/diagrams
accessgovernancecp	governanceinstance	GovernanceInstance	seeded	repo-authored-semantics	imports/accessgovernancecp/governanceinstance.json	controllers/accessgovernancecp/governanceinstance/spec.cfg	controllers/accessgovernancecp/governanceinstance/logic-gaps.md	controllers/accessgovernancecp/governanceinstance/diagrams
adm	knowledgebase	KnowledgeBase	seeded	repo-authored-semantics	imports/adm/knowledgebase.json	controllers/adm/knowledgebase/spec.cfg	controllers/adm/knowledgebase/logic-gaps.md	controllers/adm/knowledgebase/diagrams
aidataplatform	aidataplatform	AiDataPlatform	seeded	repo-authored-semantics	imports/aidataplatform/aidataplatform.json	controllers/aidataplatform/aidataplatform/spec.cfg	controllers/aidataplatform/aidataplatform/logic-gaps.md	controllers/aidataplatform/aidataplatform/diagrams
aidocument	project	Project	seeded	repo-authored-semantics	imports/aidocument/project.json	controllers/aidocument/project/spec.cfg	controllers/aidocument/project/logic-gaps.md	controllers/aidocument/project/diagrams
ailanguage	project	Project	seeded	repo-authored-semantics	imports/ailanguage/project.json	controllers/ailanguage/project/spec.cfg	controllers/ailanguage/project/logic-gaps.md	controllers/ailanguage/project/diagrams
aispeech	transcriptionjob	TranscriptionJob	seeded	repo-authored-semantics	imports/aispeech/transcriptionjob.json	controllers/aispeech/transcriptionjob/spec.cfg	controllers/aispeech/transcriptionjob/logic-gaps.md	controllers/aispeech/transcriptionjob/diagrams
aivision	project	Project	seeded	repo-authored-semantics	imports/aivision/project.json	controllers/aivision/project/spec.cfg	controllers/aivision/project/logic-gaps.md	controllers/aivision/project/diagrams
analytics	analyticsinstance	AnalyticsInstance	seeded	repo-authored-semantics	imports/analytics/analyticsinstance.json	controllers/analytics/analyticsinstance/spec.cfg	controllers/analytics/analyticsinstance/logic-gaps.md	controllers/analytics/analyticsinstance/diagrams
announcementsservice	announcementsubscription	AnnouncementSubscription	seeded	repo-authored-semantics	imports/announcementsservice/announcementsubscription.json	controllers/announcementsservice/announcementsubscription/spec.cfg	controllers/announcementsservice/announcementsubscription/logic-gaps.md	controllers/announcementsservice/announcementsubscription/diagrams
apiaccesscontrol	privilegedapicontrol	PrivilegedApiControl	seeded	repo-authored-semantics	imports/apiaccesscontrol/privilegedapicontrol.json	controllers/apiaccesscontrol/privilegedapicontrol/spec.cfg	controllers/apiaccesscontrol/privilegedapicontrol/logic-gaps.md	controllers/apiaccesscontrol/privilegedapicontrol/diagrams
apigateway	deployment	ApiGatewayDeployment	seeded	repo-authored-semantics	imports/apigateway/deployment.json	controllers/apigateway/deployment/spec.cfg	controllers/apigateway/deployment/logic-gaps.md	controllers/apigateway/deployment/diagrams
apigateway	gateway	ApiGateway	seeded	repo-authored-semantics	imports/apigateway/gateway.json	controllers/apigateway/gateway/spec.cfg	controllers/apigateway/gateway/logic-gaps.md	controllers/apigateway/gateway/diagrams
apiplatform	apiplatforminstance	ApiPlatformInstance	seeded	repo-authored-semantics	imports/apiplatform/apiplatforminstance.json	controllers/apiplatform/apiplatforminstance/spec.cfg	controllers/apiplatform/apiplatforminstance/logic-gaps.md	controllers/apiplatform/apiplatforminstance/diagrams
apmconfig	config	Config	seeded	repo-authored-semantics	imports/apmconfig/config.json	controllers/apmconfig/config/spec.cfg	controllers/apmconfig/config/logic-gaps.md	controllers/apmconfig/config/diagrams
apmcontrolplane	apmdomain	ApmDomain	seeded	repo-authored-semantics	imports/apmcontrolplane/apmdomain.json	controllers/apmcontrolplane/apmdomain/spec.cfg	controllers/apmcontrolplane/apmdomain/logic-gaps.md	controllers/apmcontrolplane/apmdomain/diagrams
apmsynthetics	script	Script	seeded	repo-authored-semantics	imports/apmsynthetics/script.json	controllers/apmsynthetics/script/spec.cfg	controllers/apmsynthetics/script/logic-gaps.md	controllers/apmsynthetics/script/diagrams
apmtraces	scheduledquery	ScheduledQuery	seeded	repo-authored-semantics	imports/apmtraces/scheduledquery.json	controllers/apmtraces/scheduledquery/spec.cfg	controllers/apmtraces/scheduledquery/logic-gaps.md	controllers/apmtraces/scheduledquery/diagrams
appmgmtcontrol	monitoredinstance	MonitoredInstance	seeded	repo-authored-semantics	imports/appmgmtcontrol/monitoredinstance.json	controllers/appmgmtcontrol/monitoredinstance/spec.cfg	controllers/appmgmtcontrol/monitoredinstance/logic-gaps.md	controllers/appmgmtcontrol/monitoredinstance/diagrams
artifacts	containerimagesignature	ContainerImageSignature	seeded	repo-authored-semantics	imports/artifacts/containerimagesignature.json	controllers/artifacts/containerimagesignature/spec.cfg	controllers/artifacts/containerimagesignature/logic-gaps.md	controllers/artifacts/containerimagesignature/diagrams
artifacts	containerrepository	ContainerRepository	seeded	repo-authored-semantics	imports/artifacts/containerrepository.json	controllers/artifacts/containerrepository/spec.cfg	controllers/artifacts/containerrepository/logic-gaps.md	controllers/artifacts/containerrepository/diagrams
artifacts	repository	Repository	seeded	repo-authored-semantics	imports/artifacts/repository.json	controllers/artifacts/repository/spec.cfg	controllers/artifacts/repository/logic-gaps.md	controllers/artifacts/repository/diagrams
autoscaling	autoscalingconfiguration	AutoScalingConfiguration	seeded	repo-authored-semantics	imports/autoscaling/autoscalingconfiguration.json	controllers/autoscaling/autoscalingconfiguration/spec.cfg	controllers/autoscaling/autoscalingconfiguration/logic-gaps.md	controllers/autoscaling/autoscalingconfiguration/diagrams
autoscaling	autoscalingpolicy	AutoScalingPolicy	scaffold	repo-authored-semantics	imports/autoscaling/autoscalingpolicy.json	controllers/autoscaling/autoscalingpolicy/spec.cfg	controllers/autoscaling/autoscalingpolicy/logic-gaps.md	controllers/autoscaling/autoscalingpolicy/diagrams
bastion	bastion	Bastion	seeded	repo-authored-semantics	imports/bastion/bastion.json	controllers/bastion/bastion/spec.cfg	controllers/bastion/bastion/logic-gaps.md	controllers/bastion/bastion/diagrams
bastion	session	Session	seeded	repo-authored-semantics	imports/bastion/session.json	controllers/bastion/session/spec.cfg	controllers/bastion/session/logic-gaps.md	controllers/bastion/session/diagrams
batch	batchcontext	BatchContext	seeded	repo-authored-semantics	imports/batch/batchcontext.json	controllers/batch/batchcontext/spec.cfg	controllers/batch/batchcontext/logic-gaps.md	controllers/batch/batchcontext/diagrams
batch	batchjobpool	BatchJobPool	seeded	repo-authored-semantics	imports/batch/batchjobpool.json	controllers/batch/batchjobpool/spec.cfg	controllers/batch/batchjobpool/logic-gaps.md	controllers/batch/batchjobpool/diagrams
batch	batchtaskenvironment	BatchTaskEnvironment	scaffold	repo-authored-semantics	imports/batch/batchtaskenvironment.json	controllers/batch/batchtaskenvironment/spec.cfg	controllers/batch/batchtaskenvironment/logic-gaps.md	controllers/batch/batchtaskenvironment/diagrams
batch	batchtaskprofile	BatchTaskProfile	scaffold	repo-authored-semantics	imports/batch/batchtaskprofile.json	controllers/batch/batchtaskprofile/spec.cfg	controllers/batch/batchtaskprofile/logic-gaps.md	controllers/batch/batchtaskprofile/diagrams
bds	bdsinstance	BdsInstance	seeded	repo-authored-semantics	imports/bds/bdsinstance.json	controllers/bds/bdsinstance/spec.cfg	controllers/bds/bdsinstance/logic-gaps.md	controllers/bds/bdsinstance/diagrams
blockchain	blockchainplatform	BlockchainPlatform	seeded	repo-authored-semantics	imports/blockchain/blockchainplatform.json	controllers/blockchain/blockchainplatform/spec.cfg	controllers/blockchain/blockchainplatform/logic-gaps.md	controllers/blockchain/blockchainplatform/diagrams
blockchain	osn	Osn	scaffold	repo-authored-semantics	imports/blockchain/osn.json	controllers/blockchain/osn/spec.cfg	controllers/blockchain/osn/logic-gaps.md	controllers/blockchain/osn/diagrams
blockchain	peer	Peer	scaffold	repo-authored-semantics	imports/blockchain/peer.json	controllers/blockchain/peer/spec.cfg	controllers/blockchain/peer/logic-gaps.md	controllers/blockchain/peer/diagrams
budget	budget	Budget	seeded	repo-authored-semantics	imports/budget/budget.json	controllers/budget/budget/spec.cfg	controllers/budget/budget/logic-gaps.md	controllers/budget/budget/diagrams
capacitymanagement	occcapacityrequest	OccCapacityRequest	seeded	repo-authored-semantics	imports/capacitymanagement/occcapacityrequest.json	controllers/capacitymanagement/occcapacityrequest/spec.cfg	controllers/capacitymanagement/occcapacityrequest/logic-gaps.md	controllers/capacitymanagement/occcapacityrequest/diagrams
certificatesmanagement	cabundle	CaBundle	seeded	repo-authored-semantics	imports/certificatesmanagement/cabundle.json	controllers/certificatesmanagement/cabundle/spec.cfg	controllers/certificatesmanagement/cabundle/logic-gaps.md	controllers/certificatesmanagement/cabundle/diagrams
cloudbridge	agent	Agent	seeded	repo-authored-semantics	imports/cloudbridge/agent.json	controllers/cloudbridge/agent/spec.cfg	controllers/cloudbridge/agent/logic-gaps.md	controllers/cloudbridge/agent/diagrams
cloudbridge	agentdependency	AgentDependency	seeded	repo-authored-semantics	imports/cloudbridge/agentdependency.json	controllers/cloudbridge/agentdependency/spec.cfg	controllers/cloudbridge/agentdependency/logic-gaps.md	controllers/cloudbridge/agentdependency/diagrams
cloudbridge	asset	Asset	seeded	repo-authored-semantics	imports/cloudbridge/asset.json	controllers/cloudbridge/asset/spec.cfg	controllers/cloudbridge/asset/logic-gaps.md	controllers/cloudbridge/asset/diagrams
cloudbridge	assetsource	AssetSource	seeded	repo-authored-semantics	imports/cloudbridge/assetsource.json	controllers/cloudbridge/assetsource/spec.cfg	controllers/cloudbridge/assetsource/logic-gaps.md	controllers/cloudbridge/assetsource/diagrams
cloudbridge	discoveryschedule	DiscoverySchedule	seeded	repo-authored-semantics	imports/cloudbridge/discoveryschedule.json	controllers/cloudbridge/discoveryschedule/spec.cfg	controllers/cloudbridge/discoveryschedule/logic-gaps.md	controllers/cloudbridge/discoveryschedule/diagrams
cloudbridge	environment	Environment	scaffold	repo-authored-semantics	imports/cloudbridge/environment.json	controllers/cloudbridge/environment/spec.cfg	controllers/cloudbridge/environment/logic-gaps.md	controllers/cloudbridge/environment/diagrams
cloudbridge	inventory	Inventory	seeded	repo-authored-semantics	imports/cloudbridge/inventory.json	controllers/cloudbridge/inventory/spec.cfg	controllers/cloudbridge/inventory/logic-gaps.md	controllers/cloudbridge/inventory/diagrams
cloudguard	datamaskrule	DataMaskRule	seeded	repo-authored-semantics	imports/cloudguard/datamaskrule.json	controllers/cloudguard/datamaskrule/spec.cfg	controllers/cloudguard/datamaskrule/logic-gaps.md	controllers/cloudguard/datamaskrule/diagrams
cloudguard	datasource	DataSource	seeded	repo-authored-semantics	imports/cloudguard/datasource.json	controllers/cloudguard/datasource/spec.cfg	controllers/cloudguard/datasource/logic-gaps.md	controllers/cloudguard/datasource/diagrams
cloudguard	detectorrecipe	DetectorRecipe	scaffold	repo-authored-semantics	imports/cloudguard/detectorrecipe.json	controllers/cloudguard/detectorrecipe/spec.cfg	controllers/cloudguard/detectorrecipe/logic-gaps.md	controllers/cloudguard/detectorrecipe/diagrams
cloudguard	detectorrecipedetectorrule	DetectorRecipeDetectorRule	scaffold	repo-authored-semantics	imports/cloudguard/detectorrecipedetectorrule.json	controllers/cloudguard/detectorrecipedetectorrule/spec.cfg	controllers/cloudguard/detectorrecipedetectorrule/logic-gaps.md	controllers/cloudguard/detectorrecipedetectorrule/diagrams
cloudguard	managedlist	ManagedList	scaffold	repo-authored-semantics	imports/cloudguard/managedlist.json	controllers/cloudguard/managedlist/spec.cfg	controllers/cloudguard/managedlist/logic-gaps.md	controllers/cloudguard/managedlist/diagrams
cloudguard	responderrecipe	ResponderRecipe	seeded	repo-authored-semantics	imports/cloudguard/responderrecipe.json	controllers/cloudguard/responderrecipe/spec.cfg	controllers/cloudguard/responderrecipe/logic-gaps.md	controllers/cloudguard/responderrecipe/diagrams
cloudguard	savedquery	SavedQuery	seeded	repo-authored-semantics	imports/cloudguard/savedquery.json	controllers/cloudguard/savedquery/spec.cfg	controllers/cloudguard/savedquery/logic-gaps.md	controllers/cloudguard/savedquery/diagrams
cloudguard	securityrecipe	SecurityRecipe	seeded	repo-authored-semantics	imports/cloudguard/securityrecipe.json	controllers/cloudguard/securityrecipe/spec.cfg	controllers/cloudguard/securityrecipe/logic-gaps.md	controllers/cloudguard/securityrecipe/diagrams
cloudguard	securityzone	SecurityZone	seeded	repo-authored-semantics	imports/cloudguard/securityzone.json	controllers/cloudguard/securityzone/spec.cfg	controllers/cloudguard/securityzone/logic-gaps.md	controllers/cloudguard/securityzone/diagrams
cloudguard	target	Target	seeded	repo-authored-semantics	imports/cloudguard/target.json	controllers/cloudguard/target/spec.cfg	controllers/cloudguard/target/logic-gaps.md	controllers/cloudguard/target/diagrams
cloudguard	targetdetectorrecipe	TargetDetectorRecipe	scaffold	repo-authored-semantics	imports/cloudguard/targetdetectorrecipe.json	controllers/cloudguard/targetdetectorrecipe/spec.cfg	controllers/cloudguard/targetdetectorrecipe/logic-gaps.md	controllers/cloudguard/targetdetectorrecipe/diagrams
cloudguard	targetresponderrecipe	TargetResponderRecipe	scaffold	repo-authored-semantics	imports/cloudguard/targetresponderrecipe.json	controllers/cloudguard/targetresponderrecipe/spec.cfg	controllers/cloudguard/targetresponderrecipe/logic-gaps.md	controllers/cloudguard/targetresponderrecipe/diagrams
cloudguard	wlpagent	WlpAgent	seeded	repo-authored-semantics	imports/cloudguard/wlpagent.json	controllers/cloudguard/wlpagent/spec.cfg	controllers/cloudguard/wlpagent/logic-gaps.md	controllers/cloudguard/wlpagent/diagrams
cloudmigrations	migration	Migration	seeded	repo-authored-semantics	imports/cloudmigrations/migration.json	controllers/cloudmigrations/migration/spec.cfg	controllers/cloudmigrations/migration/logic-gaps.md	controllers/cloudmigrations/migration/diagrams
cloudmigrations	migrationasset	MigrationAsset	seeded	repo-authored-semantics	imports/cloudmigrations/migrationasset.json	controllers/cloudmigrations/migrationasset/spec.cfg	controllers/cloudmigrations/migrationasset/logic-gaps.md	controllers/cloudmigrations/migrationasset/diagrams
cloudmigrations	migrationplan	MigrationPlan	seeded	repo-authored-semantics	imports/cloudmigrations/migrationplan.json	controllers/cloudmigrations/migrationplan/spec.cfg	controllers/cloudmigrations/migrationplan/logic-gaps.md	controllers/cloudmigrations/migrationplan/diagrams
cloudmigrations	replicationschedule	ReplicationSchedule	seeded	repo-authored-semantics	imports/cloudmigrations/replicationschedule.json	controllers/cloudmigrations/replicationschedule/spec.cfg	controllers/cloudmigrations/replicationschedule/logic-gaps.md	controllers/cloudmigrations/replicationschedule/diagrams
cloudmigrations	targetasset	TargetAsset	seeded	repo-authored-semantics	imports/cloudmigrations/targetasset.json	controllers/cloudmigrations/targetasset/spec.cfg	controllers/cloudmigrations/targetasset/logic-gaps.md	controllers/cloudmigrations/targetasset/diagrams
clusterplacementgroups	clusterplacementgroup	ClusterPlacementGroup	seeded	repo-authored-semantics	imports/clusterplacementgroups/clusterplacementgroup.json	controllers/clusterplacementgroups/clusterplacementgroup/spec.cfg	controllers/clusterplacementgroups/clusterplacementgroup/logic-gaps.md	controllers/clusterplacementgroups/clusterplacementgroup/diagrams
computecloudatcustomer	cccinfrastructure	CccInfrastructure	seeded	repo-authored-semantics	imports/computecloudatcustomer/cccinfrastructure.json	controllers/computecloudatcustomer/cccinfrastructure/spec.cfg	controllers/computecloudatcustomer/cccinfrastructure/logic-gaps.md	controllers/computecloudatcustomer/cccinfrastructure/diagrams
computecloudatcustomer	cccupgradeschedule	CccUpgradeSchedule	seeded	repo-authored-semantics	imports/computecloudatcustomer/cccupgradeschedule.json	controllers/computecloudatcustomer/cccupgradeschedule/spec.cfg	controllers/computecloudatcustomer/cccupgradeschedule/logic-gaps.md	controllers/computecloudatcustomer/cccupgradeschedule/diagrams
computeinstanceagent	instanceagentplugin	InstanceAgentPlugin	seeded	repo-authored-semantics	imports/computeinstanceagent/instanceagentplugin.json	controllers/computeinstanceagent/instanceagentplugin/spec.cfg	controllers/computeinstanceagent/instanceagentplugin/logic-gaps.md	controllers/computeinstanceagent/instanceagentplugin/diagrams
containerengine	cluster	Cluster	seeded	repo-authored-semantics	imports/containerengine/cluster.json	controllers/containerengine/cluster/spec.cfg	controllers/containerengine/cluster/logic-gaps.md	controllers/containerengine/cluster/diagrams
containerengine	nodepool	NodePool	seeded	repo-authored-semantics	imports/containerengine/nodepool.json	controllers/containerengine/nodepool/spec.cfg	controllers/containerengine/nodepool/logic-gaps.md	controllers/containerengine/nodepool/diagrams
containerinstances	containerinstance	ContainerInstance	scaffold	repo-authored-semantics	imports/containerinstances/containerinstance.json	controllers/containerinstances/containerinstance/spec.cfg	controllers/containerinstances/containerinstance/logic-gaps.md	controllers/containerinstances/containerinstance/diagrams
core	drg	Drg	seeded	repo-authored-semantics	imports/core/drg.json	controllers/core/drg/spec.cfg	controllers/core/drg/logic-gaps.md	controllers/core/drg/diagrams
core	instance	Instance	seeded	repo-authored-semantics	imports/core/instance.json	controllers/core/instance/spec.cfg	controllers/core/instance/logic-gaps.md	controllers/core/instance/diagrams
core	internetgateway	InternetGateway	seeded	repo-authored-semantics	imports/core/internetgateway.json	controllers/core/internetgateway/spec.cfg	controllers/core/internetgateway/logic-gaps.md	controllers/core/internetgateway/diagrams
core	natgateway	NatGateway	seeded	repo-authored-semantics	imports/core/natgateway.json	controllers/core/natgateway/spec.cfg	controllers/core/natgateway/logic-gaps.md	controllers/core/natgateway/diagrams
core	networksecuritygroup	NetworkSecurityGroup	seeded	repo-authored-semantics	imports/core/networksecuritygroup.json	controllers/core/networksecuritygroup/spec.cfg	controllers/core/networksecuritygroup/logic-gaps.md	controllers/core/networksecuritygroup/diagrams
core	routetable	RouteTable	seeded	repo-authored-semantics	imports/core/routetable.json	controllers/core/routetable/spec.cfg	controllers/core/routetable/logic-gaps.md	controllers/core/routetable/diagrams
core	securitylist	SecurityList	seeded	repo-authored-semantics	imports/core/securitylist.json	controllers/core/securitylist/spec.cfg	controllers/core/securitylist/logic-gaps.md	controllers/core/securitylist/diagrams
core	servicegateway	ServiceGateway	seeded	repo-authored-semantics	imports/core/servicegateway.json	controllers/core/servicegateway/spec.cfg	controllers/core/servicegateway/logic-gaps.md	controllers/core/servicegateway/diagrams
core	subnet	Subnet	seeded	repo-authored-semantics	imports/core/subnet.json	controllers/core/subnet/spec.cfg	controllers/core/subnet/logic-gaps.md	controllers/core/subnet/diagrams
core	vcn	Vcn	seeded	repo-authored-semantics	imports/core/vcn.json	controllers/core/vcn/spec.cfg	controllers/core/vcn/logic-gaps.md	controllers/core/vcn/diagrams
dashboardservice	dashboard	Dashboard	seeded	repo-authored-semantics	imports/dashboardservice/dashboard.json	controllers/dashboardservice/dashboard/spec.cfg	controllers/dashboardservice/dashboard/logic-gaps.md	controllers/dashboardservice/dashboard/diagrams
dashboardservice	dashboardgroup	DashboardGroup	seeded	repo-authored-semantics	imports/dashboardservice/dashboardgroup.json	controllers/dashboardservice/dashboardgroup/spec.cfg	controllers/dashboardservice/dashboardgroup/logic-gaps.md	controllers/dashboardservice/dashboardgroup/diagrams
database	databaseautonomousdatabase	AutonomousDatabase	promotable	repo-authored-semantics	imports/database/databaseautonomousdatabase.json	controllers/database/databaseautonomousdatabase/spec.cfg	controllers/database/databaseautonomousdatabase/logic-gaps.md	controllers/database/databaseautonomousdatabase/diagrams
databasemigration	assessment	Assessment	seeded	repo-authored-semantics	imports/databasemigration/assessment.json	controllers/databasemigration/assessment/spec.cfg	controllers/databasemigration/assessment/logic-gaps.md	controllers/databasemigration/assessment/diagrams
databasemigration	connection	Connection	seeded	repo-authored-semantics	imports/databasemigration/connection.json	controllers/databasemigration/connection/spec.cfg	controllers/databasemigration/connection/logic-gaps.md	controllers/databasemigration/connection/diagrams
databasemigration	migration	Migration	seeded	repo-authored-semantics	imports/databasemigration/migration.json	controllers/databasemigration/migration/spec.cfg	controllers/databasemigration/migration/logic-gaps.md	controllers/databasemigration/migration/diagrams
databasetools	databasetoolsconnection	DatabaseToolsConnection	seeded	repo-authored-semantics	imports/databasetools/databasetoolsconnection.json	controllers/databasetools/databasetoolsconnection/spec.cfg	controllers/databasetools/databasetoolsconnection/logic-gaps.md	controllers/databasetools/databasetoolsconnection/diagrams
datacatalog	attribute	Attribute	scaffold	repo-authored-semantics	imports/datacatalog/attribute.json	controllers/datacatalog/attribute/spec.cfg	controllers/datacatalog/attribute/logic-gaps.md	controllers/datacatalog/attribute/diagrams
datacatalog	catalog	Catalog	seeded	repo-authored-semantics	imports/datacatalog/catalog.json	controllers/datacatalog/catalog/spec.cfg	controllers/datacatalog/catalog/logic-gaps.md	controllers/datacatalog/catalog/diagrams
datacatalog	catalogprivateendpoint	CatalogPrivateEndpoint	seeded	repo-authored-semantics	imports/datacatalog/catalogprivateendpoint.json	controllers/datacatalog/catalogprivateendpoint/spec.cfg	controllers/datacatalog/catalogprivateendpoint/logic-gaps.md	controllers/datacatalog/catalogprivateendpoint/diagrams
datacatalog	connection	Connection	scaffold	repo-authored-semantics	imports/datacatalog/connection.json	controllers/datacatalog/connection/spec.cfg	controllers/datacatalog/connection/logic-gaps.md	controllers/datacatalog/connection/diagrams
datacatalog	customproperty	CustomProperty	scaffold	repo-authored-semantics	imports/datacatalog/customproperty.json	controllers/datacatalog/customproperty/spec.cfg	controllers/datacatalog/customproperty/logic-gaps.md	controllers/datacatalog/customproperty/diagrams
datacatalog	dataasset	DataAsset	scaffold	repo-authored-semantics	imports/datacatalog/dataasset.json	controllers/datacatalog/dataasset/spec.cfg	controllers/datacatalog/dataasset/logic-gaps.md	controllers/datacatalog/dataasset/diagrams
datacatalog	entity	Entity	scaffold	repo-authored-semantics	imports/datacatalog/entity.json	controllers/datacatalog/entity/spec.cfg	controllers/datacatalog/entity/logic-gaps.md	controllers/datacatalog/entity/diagrams
datacatalog	folder	Folder	scaffold	repo-authored-semantics	imports/datacatalog/folder.json	controllers/datacatalog/folder/spec.cfg	controllers/datacatalog/folder/logic-gaps.md	controllers/datacatalog/folder/diagrams
datacatalog	glossary	Glossary	scaffold	repo-authored-semantics	imports/datacatalog/glossary.json	controllers/datacatalog/glossary/spec.cfg	controllers/datacatalog/glossary/logic-gaps.md	controllers/datacatalog/glossary/diagrams
datacatalog	job	Job	scaffold	repo-authored-semantics	imports/datacatalog/job.json	controllers/datacatalog/job/spec.cfg	controllers/datacatalog/job/logic-gaps.md	controllers/datacatalog/job/diagrams
datacatalog	jobdefinition	JobDefinition	scaffold	repo-authored-semantics	imports/datacatalog/jobdefinition.json	controllers/datacatalog/jobdefinition/spec.cfg	controllers/datacatalog/jobdefinition/logic-gaps.md	controllers/datacatalog/jobdefinition/diagrams
datacatalog	metastore	Metastore	seeded	repo-authored-semantics	imports/datacatalog/metastore.json	controllers/datacatalog/metastore/spec.cfg	controllers/datacatalog/metastore/logic-gaps.md	controllers/datacatalog/metastore/diagrams
datacatalog	namespace	Namespace	scaffold	repo-authored-semantics	imports/datacatalog/namespace.json	controllers/datacatalog/namespace/spec.cfg	controllers/datacatalog/namespace/logic-gaps.md	controllers/datacatalog/namespace/diagrams
datacatalog	pattern	Pattern	scaffold	repo-authored-semantics	imports/datacatalog/pattern.json	controllers/datacatalog/pattern/spec.cfg	controllers/datacatalog/pattern/logic-gaps.md	controllers/datacatalog/pattern/diagrams
datacatalog	term	Term	scaffold	repo-authored-semantics	imports/datacatalog/term.json	controllers/datacatalog/term/spec.cfg	controllers/datacatalog/term/logic-gaps.md	controllers/datacatalog/term/diagrams
datacatalog	termrelationship	TermRelationship	scaffold	repo-authored-semantics	imports/datacatalog/termrelationship.json	controllers/datacatalog/termrelationship/spec.cfg	controllers/datacatalog/termrelationship/logic-gaps.md	controllers/datacatalog/termrelationship/diagrams
dataflow	application	Application	seeded	repo-authored-semantics	imports/dataflow/application.json	controllers/dataflow/application/spec.cfg	controllers/dataflow/application/logic-gaps.md	controllers/dataflow/application/diagrams
dataintegration	application	Application	scaffold	repo-authored-semantics	imports/dataintegration/application.json	controllers/dataintegration/application/spec.cfg	controllers/dataintegration/application/logic-gaps.md	controllers/dataintegration/application/diagrams
dataintegration	applicationdetaileddescription	ApplicationDetailedDescription	scaffold	repo-authored-semantics	imports/dataintegration/applicationdetaileddescription.json	controllers/dataintegration/applicationdetaileddescription/spec.cfg	controllers/dataintegration/applicationdetaileddescription/logic-gaps.md	controllers/dataintegration/applicationdetaileddescription/diagrams
dataintegration	connection	Connection	scaffold	repo-authored-semantics	imports/dataintegration/connection.json	controllers/dataintegration/connection/spec.cfg	controllers/dataintegration/connection/logic-gaps.md	controllers/dataintegration/connection/diagrams
dataintegration	copyobjectrequest	CopyObjectRequest	scaffold	repo-authored-semantics	imports/dataintegration/copyobjectrequest.json	controllers/dataintegration/copyobjectrequest/spec.cfg	controllers/dataintegration/copyobjectrequest/logic-gaps.md	controllers/dataintegration/copyobjectrequest/diagrams
dataintegration	dataasset	DataAsset	scaffold	repo-authored-semantics	imports/dataintegration/dataasset.json	controllers/dataintegration/dataasset/spec.cfg	controllers/dataintegration/dataasset/logic-gaps.md	controllers/dataintegration/dataasset/diagrams
dataintegration	dataflow	DataFlow	scaffold	repo-authored-semantics	imports/dataintegration/dataflow.json	controllers/dataintegration/dataflow/spec.cfg	controllers/dataintegration/dataflow/logic-gaps.md	controllers/dataintegration/dataflow/diagrams
dataintegration	disapplication	DisApplication	scaffold	repo-authored-semantics	imports/dataintegration/disapplication.json	controllers/dataintegration/disapplication/spec.cfg	controllers/dataintegration/disapplication/logic-gaps.md	controllers/dataintegration/disapplication/diagrams
dataintegration	disapplicationdetaileddescription	DisApplicationDetailedDescription	scaffold	repo-authored-semantics	imports/dataintegration/disapplicationdetaileddescription.json	controllers/dataintegration/disapplicationdetaileddescription/spec.cfg	controllers/dataintegration/disapplicationdetaileddescription/logic-gaps.md	controllers/dataintegration/disapplicationdetaileddescription/diagrams
dataintegration	exportrequest	ExportRequest	scaffold	repo-authored-semantics	imports/dataintegration/exportrequest.json	controllers/dataintegration/exportrequest/spec.cfg	controllers/dataintegration/exportrequest/logic-gaps.md	controllers/dataintegration/exportrequest/diagrams
dataintegration	externalpublication	ExternalPublication	scaffold	repo-authored-semantics	imports/dataintegration/externalpublication.json	controllers/dataintegration/externalpublication/spec.cfg	controllers/dataintegration/externalpublication/logic-gaps.md	controllers/dataintegration/externalpublication/diagrams
dataintegration	folder	Folder	scaffold	repo-authored-semantics	imports/dataintegration/folder.json	controllers/dataintegration/folder/spec.cfg	controllers/dataintegration/folder/logic-gaps.md	controllers/dataintegration/folder/diagrams
dataintegration	functionlibrary	FunctionLibrary	scaffold	repo-authored-semantics	imports/dataintegration/functionlibrary.json	controllers/dataintegration/functionlibrary/spec.cfg	controllers/dataintegration/functionlibrary/logic-gaps.md	controllers/dataintegration/functionlibrary/diagrams
dataintegration	importrequest	ImportRequest	scaffold	repo-authored-semantics	imports/dataintegration/importrequest.json	controllers/dataintegration/importrequest/spec.cfg	controllers/dataintegration/importrequest/logic-gaps.md	controllers/dataintegration/importrequest/diagrams
dataintegration	pipeline	Pipeline	scaffold	repo-authored-semantics	imports/dataintegration/pipeline.json	controllers/dataintegration/pipeline/spec.cfg	controllers/dataintegration/pipeline/logic-gaps.md	controllers/dataintegration/pipeline/diagrams
dataintegration	project	Project	scaffold	repo-authored-semantics	imports/dataintegration/project.json	controllers/dataintegration/project/spec.cfg	controllers/dataintegration/project/logic-gaps.md	controllers/dataintegration/project/diagrams
dataintegration	schedule	Schedule	scaffold	repo-authored-semantics	imports/dataintegration/schedule.json	controllers/dataintegration/schedule/spec.cfg	controllers/dataintegration/schedule/logic-gaps.md	controllers/dataintegration/schedule/diagrams
dataintegration	task	Task	scaffold	repo-authored-semantics	imports/dataintegration/task.json	controllers/dataintegration/task/spec.cfg	controllers/dataintegration/task/logic-gaps.md	controllers/dataintegration/task/diagrams
dataintegration	taskrun	TaskRun	scaffold	repo-authored-semantics	imports/dataintegration/taskrun.json	controllers/dataintegration/taskrun/spec.cfg	controllers/dataintegration/taskrun/logic-gaps.md	controllers/dataintegration/taskrun/diagrams
dataintegration	taskschedule	TaskSchedule	scaffold	repo-authored-semantics	imports/dataintegration/taskschedule.json	controllers/dataintegration/taskschedule/spec.cfg	controllers/dataintegration/taskschedule/logic-gaps.md	controllers/dataintegration/taskschedule/diagrams
dataintegration	userdefinedfunction	UserDefinedFunction	scaffold	repo-authored-semantics	imports/dataintegration/userdefinedfunction.json	controllers/dataintegration/userdefinedfunction/spec.cfg	controllers/dataintegration/userdefinedfunction/logic-gaps.md	controllers/dataintegration/userdefinedfunction/diagrams
dataintegration	workspace	Workspace	seeded	repo-authored-semantics	imports/dataintegration/workspace.json	controllers/dataintegration/workspace/spec.cfg	controllers/dataintegration/workspace/logic-gaps.md	controllers/dataintegration/workspace/diagrams
datalabelingservice	dataset	Dataset	seeded	repo-authored-semantics	imports/datalabelingservice/dataset.json	controllers/datalabelingservice/dataset/spec.cfg	controllers/datalabelingservice/dataset/logic-gaps.md	controllers/datalabelingservice/dataset/diagrams
datalabelingservicedataplane	annotation	Annotation	seeded	repo-authored-semantics	imports/datalabelingservicedataplane/annotation.json	controllers/datalabelingservicedataplane/annotation/spec.cfg	controllers/datalabelingservicedataplane/annotation/logic-gaps.md	controllers/datalabelingservicedataplane/annotation/diagrams
datalabelingservicedataplane	record	Record	seeded	repo-authored-semantics	imports/datalabelingservicedataplane/record.json	controllers/datalabelingservicedataplane/record/spec.cfg	controllers/datalabelingservicedataplane/record/logic-gaps.md	controllers/datalabelingservicedataplane/record/diagrams
datasafe	alertpolicy	AlertPolicy	seeded	repo-authored-semantics	imports/datasafe/alertpolicy.json	controllers/datasafe/alertpolicy/spec.cfg	controllers/datasafe/alertpolicy/logic-gaps.md	controllers/datasafe/alertpolicy/diagrams
datasafe	alertpolicyrule	AlertPolicyRule	scaffold	repo-authored-semantics	imports/datasafe/alertpolicyrule.json	controllers/datasafe/alertpolicyrule/spec.cfg	controllers/datasafe/alertpolicyrule/logic-gaps.md	controllers/datasafe/alertpolicyrule/diagrams
datasafe	attributeset	AttributeSet	seeded	repo-authored-semantics	imports/datasafe/attributeset.json	controllers/datasafe/attributeset/spec.cfg	controllers/datasafe/attributeset/logic-gaps.md	controllers/datasafe/attributeset/diagrams
datasafe	auditarchiveretrieval	AuditArchiveRetrieval	seeded	repo-authored-semantics	imports/datasafe/auditarchiveretrieval.json	controllers/datasafe/auditarchiveretrieval/spec.cfg	controllers/datasafe/auditarchiveretrieval/logic-gaps.md	controllers/datasafe/auditarchiveretrieval/diagrams
datasafe	auditprofile	AuditProfile	seeded	repo-authored-semantics	imports/datasafe/auditprofile.json	controllers/datasafe/auditprofile/spec.cfg	controllers/datasafe/auditprofile/logic-gaps.md	controllers/datasafe/auditprofile/diagrams
datasafe	datasafeprivateendpoint	DataSafePrivateEndpoint	seeded	repo-authored-semantics	imports/datasafe/datasafeprivateendpoint.json	controllers/datasafe/datasafeprivateendpoint/spec.cfg	controllers/datasafe/datasafeprivateendpoint/logic-gaps.md	controllers/datasafe/datasafeprivateendpoint/diagrams
datasafe	librarymaskingformat	LibraryMaskingFormat	seeded	repo-authored-semantics	imports/datasafe/librarymaskingformat.json	controllers/datasafe/librarymaskingformat/spec.cfg	controllers/datasafe/librarymaskingformat/logic-gaps.md	controllers/datasafe/librarymaskingformat/diagrams
datasafe	maskingcolumn	MaskingColumn	seeded	repo-authored-semantics	imports/datasafe/maskingcolumn.json	controllers/datasafe/maskingcolumn/spec.cfg	controllers/datasafe/maskingcolumn/logic-gaps.md	controllers/datasafe/maskingcolumn/diagrams
datasafe	maskingpolicy	MaskingPolicy	seeded	repo-authored-semantics	imports/datasafe/maskingpolicy.json	controllers/datasafe/maskingpolicy/spec.cfg	controllers/datasafe/maskingpolicy/logic-gaps.md	controllers/datasafe/maskingpolicy/diagrams
datasafe	onpremconnector	OnPremConnector	seeded	repo-authored-semantics	imports/datasafe/onpremconnector.json	controllers/datasafe/onpremconnector/spec.cfg	controllers/datasafe/onpremconnector/logic-gaps.md	controllers/datasafe/onpremconnector/diagrams
datasafe	peertargetdatabase	PeerTargetDatabase	scaffold	repo-authored-semantics	imports/datasafe/peertargetdatabase.json	controllers/datasafe/peertargetdatabase/spec.cfg	controllers/datasafe/peertargetdatabase/logic-gaps.md	controllers/datasafe/peertargetdatabase/diagrams
datasafe	reportdefinition	ReportDefinition	seeded	repo-authored-semantics	imports/datasafe/reportdefinition.json	controllers/datasafe/reportdefinition/spec.cfg	controllers/datasafe/reportdefinition/logic-gaps.md	controllers/datasafe/reportdefinition/diagrams
datasafe	sdmmaskingpolicydifference	SdmMaskingPolicyDifference	seeded	repo-authored-semantics	imports/datasafe/sdmmaskingpolicydifference.json	controllers/datasafe/sdmmaskingpolicydifference/spec.cfg	controllers/datasafe/sdmmaskingpolicydifference/logic-gaps.md	controllers/datasafe/sdmmaskingpolicydifference/diagrams
datasafe	securityassessment	SecurityAssessment	seeded	repo-authored-semantics	imports/datasafe/securityassessment.json	controllers/datasafe/securityassessment/spec.cfg	controllers/datasafe/securityassessment/logic-gaps.md	controllers/datasafe/securityassessment/diagrams
datasafe	securitypolicy	SecurityPolicy	seeded	repo-authored-semantics	imports/datasafe/securitypolicy.json	controllers/datasafe/securitypolicy/spec.cfg	controllers/datasafe/securitypolicy/logic-gaps.md	controllers/datasafe/securitypolicy/diagrams
datasafe	securitypolicyconfig	SecurityPolicyConfig	seeded	repo-authored-semantics	imports/datasafe/securitypolicyconfig.json	controllers/datasafe/securitypolicyconfig/spec.cfg	controllers/datasafe/securitypolicyconfig/logic-gaps.md	controllers/datasafe/securitypolicyconfig/diagrams
datasafe	securitypolicydeployment	SecurityPolicyDeployment	seeded	repo-authored-semantics	imports/datasafe/securitypolicydeployment.json	controllers/datasafe/securitypolicydeployment/spec.cfg	controllers/datasafe/securitypolicydeployment/logic-gaps.md	controllers/datasafe/securitypolicydeployment/diagrams
datasafe	sensitivecolumn	SensitiveColumn	seeded	repo-authored-semantics	imports/datasafe/sensitivecolumn.json	controllers/datasafe/sensitivecolumn/spec.cfg	controllers/datasafe/sensitivecolumn/logic-gaps.md	controllers/datasafe/sensitivecolumn/diagrams
datasafe	sensitivedatamodel	SensitiveDataModel	seeded	repo-authored-semantics	imports/datasafe/sensitivedatamodel.json	controllers/datasafe/sensitivedatamodel/spec.cfg	controllers/datasafe/sensitivedatamodel/logic-gaps.md	controllers/datasafe/sensitivedatamodel/diagrams
datasafe	sensitivetype	SensitiveType	seeded	repo-authored-semantics	imports/datasafe/sensitivetype.json	controllers/datasafe/sensitivetype/spec.cfg	controllers/datasafe/sensitivetype/logic-gaps.md	controllers/datasafe/sensitivetype/diagrams
datasafe	sensitivetypegroup	SensitiveTypeGroup	seeded	repo-authored-semantics	imports/datasafe/sensitivetypegroup.json	controllers/datasafe/sensitivetypegroup/spec.cfg	controllers/datasafe/sensitivetypegroup/logic-gaps.md	controllers/datasafe/sensitivetypegroup/diagrams
datasafe	sensitivetypesexport	SensitiveTypesExport	seeded	repo-authored-semantics	imports/datasafe/sensitivetypesexport.json	controllers/datasafe/sensitivetypesexport/spec.cfg	controllers/datasafe/sensitivetypesexport/logic-gaps.md	controllers/datasafe/sensitivetypesexport/diagrams
datasafe	sqlcollection	SqlCollection	seeded	repo-authored-semantics	imports/datasafe/sqlcollection.json	controllers/datasafe/sqlcollection/spec.cfg	controllers/datasafe/sqlcollection/logic-gaps.md	controllers/datasafe/sqlcollection/diagrams
datasafe	targetalertpolicyassociation	TargetAlertPolicyAssociation	seeded	repo-authored-semantics	imports/datasafe/targetalertpolicyassociation.json	controllers/datasafe/targetalertpolicyassociation/spec.cfg	controllers/datasafe/targetalertpolicyassociation/logic-gaps.md	controllers/datasafe/targetalertpolicyassociation/diagrams
datasafe	targetdatabase	TargetDatabase	seeded	repo-authored-semantics	imports/datasafe/targetdatabase.json	controllers/datasafe/targetdatabase/spec.cfg	controllers/datasafe/targetdatabase/logic-gaps.md	controllers/datasafe/targetdatabase/diagrams
datasafe	targetdatabasegroup	TargetDatabaseGroup	seeded	repo-authored-semantics	imports/datasafe/targetdatabasegroup.json	controllers/datasafe/targetdatabasegroup/spec.cfg	controllers/datasafe/targetdatabasegroup/logic-gaps.md	controllers/datasafe/targetdatabasegroup/diagrams
datasafe	unifiedauditpolicy	UnifiedAuditPolicy	seeded	repo-authored-semantics	imports/datasafe/unifiedauditpolicy.json	controllers/datasafe/unifiedauditpolicy/spec.cfg	controllers/datasafe/unifiedauditpolicy/logic-gaps.md	controllers/datasafe/unifiedauditpolicy/diagrams
datasafe	userassessment	UserAssessment	seeded	repo-authored-semantics	imports/datasafe/userassessment.json	controllers/datasafe/userassessment/spec.cfg	controllers/datasafe/userassessment/logic-gaps.md	controllers/datasafe/userassessment/diagrams
datascience	project	Project	seeded	repo-authored-semantics	imports/datascience/project.json	controllers/datascience/project/spec.cfg	controllers/datascience/project/logic-gaps.md	controllers/datascience/project/diagrams
dbmulticloud	multicloudresourcediscovery	MultiCloudResourceDiscovery	seeded	repo-authored-semantics	imports/dbmulticloud/multicloudresourcediscovery.json	controllers/dbmulticloud/multicloudresourcediscovery/spec.cfg	controllers/dbmulticloud/multicloudresourcediscovery/logic-gaps.md	controllers/dbmulticloud/multicloudresourcediscovery/diagrams
dbmulticloud	oracledbawsidentityconnector	OracleDbAwsIdentityConnector	seeded	repo-authored-semantics	imports/dbmulticloud/oracledbawsidentityconnector.json	controllers/dbmulticloud/oracledbawsidentityconnector/spec.cfg	controllers/dbmulticloud/oracledbawsidentityconnector/logic-gaps.md	controllers/dbmulticloud/oracledbawsidentityconnector/diagrams
dbmulticloud	oracledbawskey	OracleDbAwsKey	seeded	repo-authored-semantics	imports/dbmulticloud/oracledbawskey.json	controllers/dbmulticloud/oracledbawskey/spec.cfg	controllers/dbmulticloud/oracledbawskey/logic-gaps.md	controllers/dbmulticloud/oracledbawskey/diagrams
dbmulticloud	oracledbazureblobcontainer	OracleDbAzureBlobContainer	seeded	repo-authored-semantics	imports/dbmulticloud/oracledbazureblobcontainer.json	controllers/dbmulticloud/oracledbazureblobcontainer/spec.cfg	controllers/dbmulticloud/oracledbazureblobcontainer/logic-gaps.md	controllers/dbmulticloud/oracledbazureblobcontainer/diagrams
dbmulticloud	oracledbazureblobmount	OracleDbAzureBlobMount	seeded	repo-authored-semantics	imports/dbmulticloud/oracledbazureblobmount.json	controllers/dbmulticloud/oracledbazureblobmount/spec.cfg	controllers/dbmulticloud/oracledbazureblobmount/logic-gaps.md	controllers/dbmulticloud/oracledbazureblobmount/diagrams
dbmulticloud	oracledbazureconnector	OracleDbAzureConnector	seeded	repo-authored-semantics	imports/dbmulticloud/oracledbazureconnector.json	controllers/dbmulticloud/oracledbazureconnector/spec.cfg	controllers/dbmulticloud/oracledbazureconnector/logic-gaps.md	controllers/dbmulticloud/oracledbazureconnector/diagrams
dbmulticloud	oracledbazurevault	OracleDbAzureVault	seeded	repo-authored-semantics	imports/dbmulticloud/oracledbazurevault.json	controllers/dbmulticloud/oracledbazurevault/spec.cfg	controllers/dbmulticloud/oracledbazurevault/logic-gaps.md	controllers/dbmulticloud/oracledbazurevault/diagrams
dbmulticloud	oracledbazurevaultassociation	OracleDbAzureVaultAssociation	seeded	repo-authored-semantics	imports/dbmulticloud/oracledbazurevaultassociation.json	controllers/dbmulticloud/oracledbazurevaultassociation/spec.cfg	controllers/dbmulticloud/oracledbazurevaultassociation/logic-gaps.md	controllers/dbmulticloud/oracledbazurevaultassociation/diagrams
dbmulticloud	oracledbgcpidentityconnector	OracleDbGcpIdentityConnector	seeded	repo-authored-semantics	imports/dbmulticloud/oracledbgcpidentityconnector.json	controllers/dbmulticloud/oracledbgcpidentityconnector/spec.cfg	controllers/dbmulticloud/oracledbgcpidentityconnector/logic-gaps.md	controllers/dbmulticloud/oracledbgcpidentityconnector/diagrams
dbmulticloud	oracledbgcpkeyring	OracleDbGcpKeyRing	seeded	repo-authored-semantics	imports/dbmulticloud/oracledbgcpkeyring.json	controllers/dbmulticloud/oracledbgcpkeyring/spec.cfg	controllers/dbmulticloud/oracledbgcpkeyring/logic-gaps.md	controllers/dbmulticloud/oracledbgcpkeyring/diagrams
delegateaccesscontrol	delegationcontrol	DelegationControl	seeded	repo-authored-semantics	imports/delegateaccesscontrol/delegationcontrol.json	controllers/delegateaccesscontrol/delegationcontrol/spec.cfg	controllers/delegateaccesscontrol/delegationcontrol/logic-gaps.md	controllers/delegateaccesscontrol/delegationcontrol/diagrams
demandsignal	occdemandsignal	OccDemandSignal	seeded	repo-authored-semantics	imports/demandsignal/occdemandsignal.json	controllers/demandsignal/occdemandsignal/spec.cfg	controllers/demandsignal/occdemandsignal/logic-gaps.md	controllers/demandsignal/occdemandsignal/diagrams
desktops	desktoppool	DesktopPool	seeded	repo-authored-semantics	imports/desktops/desktoppool.json	controllers/desktops/desktoppool/spec.cfg	controllers/desktops/desktoppool/logic-gaps.md	controllers/desktops/desktoppool/diagrams
devops	buildpipeline	BuildPipeline	seeded	repo-authored-semantics	imports/devops/buildpipeline.json	controllers/devops/buildpipeline/spec.cfg	controllers/devops/buildpipeline/logic-gaps.md	controllers/devops/buildpipeline/diagrams
devops	deployartifact	DeployArtifact	seeded	repo-authored-semantics	imports/devops/deployartifact.json	controllers/devops/deployartifact/spec.cfg	controllers/devops/deployartifact/logic-gaps.md	controllers/devops/deployartifact/diagrams
devops	deploypipeline	DeployPipeline	seeded	repo-authored-semantics	imports/devops/deploypipeline.json	controllers/devops/deploypipeline/spec.cfg	controllers/devops/deploypipeline/logic-gaps.md	controllers/devops/deploypipeline/diagrams
devops	project	Project	seeded	repo-authored-semantics	imports/devops/project.json	controllers/devops/project/spec.cfg	controllers/devops/project/logic-gaps.md	controllers/devops/project/diagrams
devops	repository	Repository	seeded	repo-authored-semantics	imports/devops/repository.json	controllers/devops/repository/spec.cfg	controllers/devops/repository/logic-gaps.md	controllers/devops/repository/diagrams
devops	trigger	Trigger	seeded	repo-authored-semantics	imports/devops/trigger.json	controllers/devops/trigger/spec.cfg	controllers/devops/trigger/logic-gaps.md	controllers/devops/trigger/diagrams
dif	stack	Stack	seeded	repo-authored-semantics	imports/dif/stack.json	controllers/dif/stack/spec.cfg	controllers/dif/stack/logic-gaps.md	controllers/dif/stack/diagrams
disasterrecovery	drplan	DrPlan	scaffold	repo-authored-semantics	imports/disasterrecovery/drplan.json	controllers/disasterrecovery/drplan/spec.cfg	controllers/disasterrecovery/drplan/logic-gaps.md	controllers/disasterrecovery/drplan/diagrams
disasterrecovery	drprotectiongroup	DrProtectionGroup	seeded	repo-authored-semantics	imports/disasterrecovery/drprotectiongroup.json	controllers/disasterrecovery/drprotectiongroup/spec.cfg	controllers/disasterrecovery/drprotectiongroup/logic-gaps.md	controllers/disasterrecovery/drprotectiongroup/diagrams
distributeddatabase	distributeddatabase	DistributedDatabase	scaffold	repo-authored-semantics	imports/distributeddatabase/distributeddatabase.json	controllers/distributeddatabase/distributeddatabase/spec.cfg	controllers/distributeddatabase/distributeddatabase/logic-gaps.md	controllers/distributeddatabase/distributeddatabase/diagrams
distributeddatabase	distributeddatabaseprivateendpoint	DistributedDatabasePrivateEndpoint	seeded	repo-authored-semantics	imports/distributeddatabase/distributeddatabaseprivateendpoint.json	controllers/distributeddatabase/distributeddatabaseprivateendpoint/spec.cfg	controllers/distributeddatabase/distributeddatabaseprivateendpoint/logic-gaps.md	controllers/distributeddatabase/distributeddatabaseprivateendpoint/diagrams
dns	steeringpolicy	SteeringPolicy	seeded	repo-authored-semantics	imports/dns/steeringpolicy.json	controllers/dns/steeringpolicy/spec.cfg	controllers/dns/steeringpolicy/logic-gaps.md	controllers/dns/steeringpolicy/diagrams
dns	steeringpolicyattachment	SteeringPolicyAttachment	seeded	repo-authored-semantics	imports/dns/steeringpolicyattachment.json	controllers/dns/steeringpolicyattachment/spec.cfg	controllers/dns/steeringpolicyattachment/logic-gaps.md	controllers/dns/steeringpolicyattachment/diagrams
dns	tsigkey	TsigKey	seeded	repo-authored-semantics	imports/dns/tsigkey.json	controllers/dns/tsigkey/spec.cfg	controllers/dns/tsigkey/logic-gaps.md	controllers/dns/tsigkey/diagrams
dns	view	View	seeded	repo-authored-semantics	imports/dns/view.json	controllers/dns/view/spec.cfg	controllers/dns/view/logic-gaps.md	controllers/dns/view/diagrams
dns	zone	Zone	seeded	repo-authored-semantics	imports/dns/zone.json	controllers/dns/zone/spec.cfg	controllers/dns/zone/logic-gaps.md	controllers/dns/zone/diagrams
email	dkim	Dkim	scaffold	repo-authored-semantics	imports/email/dkim.json	controllers/email/dkim/spec.cfg	controllers/email/dkim/logic-gaps.md	controllers/email/dkim/diagrams
email	emaildomain	EmailDomain	seeded	repo-authored-semantics	imports/email/emaildomain.json	controllers/email/emaildomain/spec.cfg	controllers/email/emaildomain/logic-gaps.md	controllers/email/emaildomain/diagrams
email	sender	Sender	seeded	repo-authored-semantics	imports/email/sender.json	controllers/email/sender/spec.cfg	controllers/email/sender/logic-gaps.md	controllers/email/sender/diagrams
email	suppression	Suppression	scaffold	repo-authored-semantics	imports/email/suppression.json	controllers/email/suppression/spec.cfg	controllers/email/suppression/logic-gaps.md	controllers/email/suppression/diagrams
emwarehouse	emwarehouse	EmWarehouse	seeded	repo-authored-semantics	imports/emwarehouse/emwarehouse.json	controllers/emwarehouse/emwarehouse/spec.cfg	controllers/emwarehouse/emwarehouse/logic-gaps.md	controllers/emwarehouse/emwarehouse/diagrams
events	rule	Rule	seeded	repo-authored-semantics	imports/events/rule.json	controllers/events/rule/spec.cfg	controllers/events/rule/logic-gaps.md	controllers/events/rule/diagrams
filestorage	export	Export	seeded	repo-authored-semantics	imports/filestorage/export.json	controllers/filestorage/export/spec.cfg	controllers/filestorage/export/logic-gaps.md	controllers/filestorage/export/diagrams
filestorage	filesystem	FileSystem	seeded	repo-authored-semantics	imports/filestorage/filesystem.json	controllers/filestorage/filesystem/spec.cfg	controllers/filestorage/filesystem/logic-gaps.md	controllers/filestorage/filesystem/diagrams
filestorage	filesystemsnapshotpolicy	FilesystemSnapshotPolicy	seeded	repo-authored-semantics	imports/filestorage/filesystemsnapshotpolicy.json	controllers/filestorage/filesystemsnapshotpolicy/spec.cfg	controllers/filestorage/filesystemsnapshotpolicy/logic-gaps.md	controllers/filestorage/filesystemsnapshotpolicy/diagrams
filestorage	mounttarget	MountTarget	seeded	repo-authored-semantics	imports/filestorage/mounttarget.json	controllers/filestorage/mounttarget/spec.cfg	controllers/filestorage/mounttarget/logic-gaps.md	controllers/filestorage/mounttarget/diagrams
filestorage	outboundconnector	OutboundConnector	seeded	repo-authored-semantics	imports/filestorage/outboundconnector.json	controllers/filestorage/outboundconnector/spec.cfg	controllers/filestorage/outboundconnector/logic-gaps.md	controllers/filestorage/outboundconnector/diagrams
filestorage	quotarule	QuotaRule	scaffold	repo-authored-semantics	imports/filestorage/quotarule.json	controllers/filestorage/quotarule/spec.cfg	controllers/filestorage/quotarule/logic-gaps.md	controllers/filestorage/quotarule/diagrams
filestorage	replication	Replication	seeded	repo-authored-semantics	imports/filestorage/replication.json	controllers/filestorage/replication/spec.cfg	controllers/filestorage/replication/logic-gaps.md	controllers/filestorage/replication/diagrams
filestorage	snapshot	Snapshot	seeded	repo-authored-semantics	imports/filestorage/snapshot.json	controllers/filestorage/snapshot/spec.cfg	controllers/filestorage/snapshot/logic-gaps.md	controllers/filestorage/snapshot/diagrams
fleetappsmanagement	catalogitem	CatalogItem	seeded	repo-authored-semantics	imports/fleetappsmanagement/catalogitem.json	controllers/fleetappsmanagement/catalogitem/spec.cfg	controllers/fleetappsmanagement/catalogitem/logic-gaps.md	controllers/fleetappsmanagement/catalogitem/diagrams
fleetappsmanagement	compliancepolicyrule	CompliancePolicyRule	seeded	repo-authored-semantics	imports/fleetappsmanagement/compliancepolicyrule.json	controllers/fleetappsmanagement/compliancepolicyrule/spec.cfg	controllers/fleetappsmanagement/compliancepolicyrule/logic-gaps.md	controllers/fleetappsmanagement/compliancepolicyrule/diagrams
fleetappsmanagement	fleet	Fleet	seeded	repo-authored-semantics	imports/fleetappsmanagement/fleet.json	controllers/fleetappsmanagement/fleet/spec.cfg	controllers/fleetappsmanagement/fleet/logic-gaps.md	controllers/fleetappsmanagement/fleet/diagrams
fleetappsmanagement	fleetcredential	FleetCredential	scaffold	repo-authored-semantics	imports/fleetappsmanagement/fleetcredential.json	controllers/fleetappsmanagement/fleetcredential/spec.cfg	controllers/fleetappsmanagement/fleetcredential/logic-gaps.md	controllers/fleetappsmanagement/fleetcredential/diagrams
fleetappsmanagement	fleetproperty	FleetProperty	scaffold	repo-authored-semantics	imports/fleetappsmanagement/fleetproperty.json	controllers/fleetappsmanagement/fleetproperty/spec.cfg	controllers/fleetappsmanagement/fleetproperty/logic-gaps.md	controllers/fleetappsmanagement/fleetproperty/diagrams
fleetappsmanagement	fleetresource	FleetResource	scaffold	repo-authored-semantics	imports/fleetappsmanagement/fleetresource.json	controllers/fleetappsmanagement/fleetresource/spec.cfg	controllers/fleetappsmanagement/fleetresource/logic-gaps.md	controllers/fleetappsmanagement/fleetresource/diagrams
fleetappsmanagement	maintenancewindow	MaintenanceWindow	seeded	repo-authored-semantics	imports/fleetappsmanagement/maintenancewindow.json	controllers/fleetappsmanagement/maintenancewindow/spec.cfg	controllers/fleetappsmanagement/maintenancewindow/logic-gaps.md	controllers/fleetappsmanagement/maintenancewindow/diagrams
fleetappsmanagement	onboarding	Onboarding	seeded	repo-authored-semantics	imports/fleetappsmanagement/onboarding.json	controllers/fleetappsmanagement/onboarding/spec.cfg	controllers/fleetappsmanagement/onboarding/logic-gaps.md	controllers/fleetappsmanagement/onboarding/diagrams
fleetappsmanagement	patch	Patch	seeded	repo-authored-semantics	imports/fleetappsmanagement/patch.json	controllers/fleetappsmanagement/patch/spec.cfg	controllers/fleetappsmanagement/patch/logic-gaps.md	controllers/fleetappsmanagement/patch/diagrams
fleetappsmanagement	platformconfiguration	PlatformConfiguration	seeded	repo-authored-semantics	imports/fleetappsmanagement/platformconfiguration.json	controllers/fleetappsmanagement/platformconfiguration/spec.cfg	controllers/fleetappsmanagement/platformconfiguration/logic-gaps.md	controllers/fleetappsmanagement/platformconfiguration/diagrams
fleetappsmanagement	property	Property	seeded	repo-authored-semantics	imports/fleetappsmanagement/property.json	controllers/fleetappsmanagement/property/spec.cfg	controllers/fleetappsmanagement/property/logic-gaps.md	controllers/fleetappsmanagement/property/diagrams
fleetappsmanagement	provision	Provision	seeded	repo-authored-semantics	imports/fleetappsmanagement/provision.json	controllers/fleetappsmanagement/provision/spec.cfg	controllers/fleetappsmanagement/provision/logic-gaps.md	controllers/fleetappsmanagement/provision/diagrams
fleetappsmanagement	runbook	Runbook	seeded	repo-authored-semantics	imports/fleetappsmanagement/runbook.json	controllers/fleetappsmanagement/runbook/spec.cfg	controllers/fleetappsmanagement/runbook/logic-gaps.md	controllers/fleetappsmanagement/runbook/diagrams
fleetappsmanagement	runbookversion	RunbookVersion	seeded	repo-authored-semantics	imports/fleetappsmanagement/runbookversion.json	controllers/fleetappsmanagement/runbookversion/spec.cfg	controllers/fleetappsmanagement/runbookversion/logic-gaps.md	controllers/fleetappsmanagement/runbookversion/diagrams
fleetappsmanagement	schedulerdefinition	SchedulerDefinition	seeded	repo-authored-semantics	imports/fleetappsmanagement/schedulerdefinition.json	controllers/fleetappsmanagement/schedulerdefinition/spec.cfg	controllers/fleetappsmanagement/schedulerdefinition/logic-gaps.md	controllers/fleetappsmanagement/schedulerdefinition/diagrams
fleetappsmanagement	taskrecord	TaskRecord	seeded	repo-authored-semantics	imports/fleetappsmanagement/taskrecord.json	controllers/fleetappsmanagement/taskrecord/spec.cfg	controllers/fleetappsmanagement/taskrecord/logic-gaps.md	controllers/fleetappsmanagement/taskrecord/diagrams
fleetsoftwareupdate	fsuaction	FsuAction	seeded	repo-authored-semantics	imports/fleetsoftwareupdate/fsuaction.json	controllers/fleetsoftwareupdate/fsuaction/spec.cfg	controllers/fleetsoftwareupdate/fsuaction/logic-gaps.md	controllers/fleetsoftwareupdate/fsuaction/diagrams
fleetsoftwareupdate	fsucollection	FsuCollection	seeded	repo-authored-semantics	imports/fleetsoftwareupdate/fsucollection.json	controllers/fleetsoftwareupdate/fsucollection/spec.cfg	controllers/fleetsoftwareupdate/fsucollection/logic-gaps.md	controllers/fleetsoftwareupdate/fsucollection/diagrams
fleetsoftwareupdate	fsucycle	FsuCycle	seeded	repo-authored-semantics	imports/fleetsoftwareupdate/fsucycle.json	controllers/fleetsoftwareupdate/fsucycle/spec.cfg	controllers/fleetsoftwareupdate/fsucycle/logic-gaps.md	controllers/fleetsoftwareupdate/fsucycle/diagrams
fleetsoftwareupdate	fsudiscovery	FsuDiscovery	seeded	repo-authored-semantics	imports/fleetsoftwareupdate/fsudiscovery.json	controllers/fleetsoftwareupdate/fsudiscovery/spec.cfg	controllers/fleetsoftwareupdate/fsudiscovery/logic-gaps.md	controllers/fleetsoftwareupdate/fsudiscovery/diagrams
fleetsoftwareupdate	fsureadinesscheck	FsuReadinessCheck	seeded	repo-authored-semantics	imports/fleetsoftwareupdate/fsureadinesscheck.json	controllers/fleetsoftwareupdate/fsureadinesscheck/spec.cfg	controllers/fleetsoftwareupdate/fsureadinesscheck/logic-gaps.md	controllers/fleetsoftwareupdate/fsureadinesscheck/diagrams
functions	application	Application	scaffold	repo-authored-semantics	imports/functions/application.json	controllers/functions/application/spec.cfg	controllers/functions/application/logic-gaps.md	controllers/functions/application/diagrams
functions	function	Function	scaffold	repo-authored-semantics	imports/functions/function.json	controllers/functions/function/spec.cfg	controllers/functions/function/logic-gaps.md	controllers/functions/function/diagrams
fusionapps	fusionenvironment	FusionEnvironment	seeded	repo-authored-semantics	imports/fusionapps/fusionenvironment.json	controllers/fusionapps/fusionenvironment/spec.cfg	controllers/fusionapps/fusionenvironment/logic-gaps.md	controllers/fusionapps/fusionenvironment/diagrams
fusionapps	fusionenvironmentfamily	FusionEnvironmentFamily	seeded	repo-authored-semantics	imports/fusionapps/fusionenvironmentfamily.json	controllers/fusionapps/fusionenvironmentfamily/spec.cfg	controllers/fusionapps/fusionenvironmentfamily/logic-gaps.md	controllers/fusionapps/fusionenvironmentfamily/diagrams
fusionapps	refreshactivity	RefreshActivity	scaffold	repo-authored-semantics	imports/fusionapps/refreshactivity.json	controllers/fusionapps/refreshactivity/spec.cfg	controllers/fusionapps/refreshactivity/logic-gaps.md	controllers/fusionapps/refreshactivity/diagrams
gdp	gdppipeline	GdpPipeline	seeded	repo-authored-semantics	imports/gdp/gdppipeline.json	controllers/gdp/gdppipeline/spec.cfg	controllers/gdp/gdppipeline/logic-gaps.md	controllers/gdp/gdppipeline/diagrams
generativeai	dedicatedaicluster	DedicatedAiCluster	seeded	repo-authored-semantics	imports/generativeai/dedicatedaicluster.json	controllers/generativeai/dedicatedaicluster/spec.cfg	controllers/generativeai/dedicatedaicluster/logic-gaps.md	controllers/generativeai/dedicatedaicluster/diagrams
generativeai	endpoint	Endpoint	seeded	repo-authored-semantics	imports/generativeai/endpoint.json	controllers/generativeai/endpoint/spec.cfg	controllers/generativeai/endpoint/logic-gaps.md	controllers/generativeai/endpoint/diagrams
generativeai	model	Model	seeded	repo-authored-semantics	imports/generativeai/model.json	controllers/generativeai/model/spec.cfg	controllers/generativeai/model/logic-gaps.md	controllers/generativeai/model/diagrams
generativeaiagent	agent	Agent	seeded	repo-authored-semantics	imports/generativeaiagent/agent.json	controllers/generativeaiagent/agent/spec.cfg	controllers/generativeaiagent/agent/logic-gaps.md	controllers/generativeaiagent/agent/diagrams
generativeaiagent	agentendpoint	AgentEndpoint	scaffold	repo-authored-semantics	imports/generativeaiagent/agentendpoint.json	controllers/generativeaiagent/agentendpoint/spec.cfg	controllers/generativeaiagent/agentendpoint/logic-gaps.md	controllers/generativeaiagent/agentendpoint/diagrams
generativeaiagent	datasource	DataSource	scaffold	repo-authored-semantics	imports/generativeaiagent/datasource.json	controllers/generativeaiagent/datasource/spec.cfg	controllers/generativeaiagent/datasource/logic-gaps.md	controllers/generativeaiagent/datasource/diagrams
generativeaiagent	knowledgebase	KnowledgeBase	seeded	repo-authored-semantics	imports/generativeaiagent/knowledgebase.json	controllers/generativeaiagent/knowledgebase/spec.cfg	controllers/generativeaiagent/knowledgebase/logic-gaps.md	controllers/generativeaiagent/knowledgebase/diagrams
generativeaiagentruntime	session	Session	seeded	repo-authored-semantics	imports/generativeaiagentruntime/session.json	controllers/generativeaiagentruntime/session/spec.cfg	controllers/generativeaiagentruntime/session/logic-gaps.md	controllers/generativeaiagentruntime/session/diagrams
generativeaidata	enrichmentjob	EnrichmentJob	seeded	repo-authored-semantics	imports/generativeaidata/enrichmentjob.json	controllers/generativeaidata/enrichmentjob/spec.cfg	controllers/generativeaidata/enrichmentjob/logic-gaps.md	controllers/generativeaidata/enrichmentjob/diagrams
genericartifactscontent	genericartifactcontent	GenericArtifactContent	scaffold	repo-authored-semantics	imports/genericartifactscontent/genericartifactcontent.json	controllers/genericartifactscontent/genericartifactcontent/spec.cfg	controllers/genericartifactscontent/genericartifactcontent/logic-gaps.md	controllers/genericartifactscontent/genericartifactcontent/diagrams
genericartifactscontent	genericartifactcontentbypath	GenericArtifactContentByPath	scaffold	repo-authored-semantics	imports/genericartifactscontent/genericartifactcontentbypath.json	controllers/genericartifactscontent/genericartifactcontentbypath/spec.cfg	controllers/genericartifactscontent/genericartifactcontentbypath/logic-gaps.md	controllers/genericartifactscontent/genericartifactcontentbypath/diagrams
goldengate	connection	Connection	seeded	repo-authored-semantics	imports/goldengate/connection.json	controllers/goldengate/connection/spec.cfg	controllers/goldengate/connection/logic-gaps.md	controllers/goldengate/connection/diagrams
goldengate	databaseregistration	DatabaseRegistration	seeded	repo-authored-semantics	imports/goldengate/databaseregistration.json	controllers/goldengate/databaseregistration/spec.cfg	controllers/goldengate/databaseregistration/logic-gaps.md	controllers/goldengate/databaseregistration/diagrams
goldengate	deployment	Deployment	seeded	repo-authored-semantics	imports/goldengate/deployment.json	controllers/goldengate/deployment/spec.cfg	controllers/goldengate/deployment/logic-gaps.md	controllers/goldengate/deployment/diagrams
goldengate	deploymentbackup	DeploymentBackup	seeded	repo-authored-semantics	imports/goldengate/deploymentbackup.json	controllers/goldengate/deploymentbackup/spec.cfg	controllers/goldengate/deploymentbackup/logic-gaps.md	controllers/goldengate/deploymentbackup/diagrams
goldengate	pipeline	Pipeline	seeded	repo-authored-semantics	imports/goldengate/pipeline.json	controllers/goldengate/pipeline/spec.cfg	controllers/goldengate/pipeline/logic-gaps.md	controllers/goldengate/pipeline/diagrams
governancerulescontrolplane	governancerule	GovernanceRule	seeded	repo-authored-semantics	imports/governancerulescontrolplane/governancerule.json	controllers/governancerulescontrolplane/governancerule/spec.cfg	controllers/governancerulescontrolplane/governancerule/logic-gaps.md	controllers/governancerulescontrolplane/governancerule/diagrams
healthchecks	httpmonitor	HttpMonitor	seeded	repo-authored-semantics	imports/healthchecks/httpmonitor.json	controllers/healthchecks/httpmonitor/spec.cfg	controllers/healthchecks/httpmonitor/logic-gaps.md	controllers/healthchecks/httpmonitor/diagrams
healthchecks	pingmonitor	PingMonitor	seeded	repo-authored-semantics	imports/healthchecks/pingmonitor.json	controllers/healthchecks/pingmonitor/spec.cfg	controllers/healthchecks/pingmonitor/logic-gaps.md	controllers/healthchecks/pingmonitor/diagrams
identity	compartment	Compartment	seeded	repo-authored-semantics	imports/identity/compartment.json	controllers/identity/compartment/spec.cfg	controllers/identity/compartment/logic-gaps.md	controllers/identity/compartment/diagrams
integration	integrationinstance	IntegrationInstance	seeded	repo-authored-semantics	imports/integration/integrationinstance.json	controllers/integration/integrationinstance/spec.cfg	controllers/integration/integrationinstance/logic-gaps.md	controllers/integration/integrationinstance/diagrams
iot	digitaltwinadapter	DigitalTwinAdapter	scaffold	repo-authored-semantics	imports/iot/digitaltwinadapter.json	controllers/iot/digitaltwinadapter/spec.cfg	controllers/iot/digitaltwinadapter/logic-gaps.md	controllers/iot/digitaltwinadapter/diagrams
iot	digitaltwininstance	DigitalTwinInstance	scaffold	repo-authored-semantics	imports/iot/digitaltwininstance.json	controllers/iot/digitaltwininstance/spec.cfg	controllers/iot/digitaltwininstance/logic-gaps.md	controllers/iot/digitaltwininstance/diagrams
iot	digitaltwinmodel	DigitalTwinModel	scaffold	repo-authored-semantics	imports/iot/digitaltwinmodel.json	controllers/iot/digitaltwinmodel/spec.cfg	controllers/iot/digitaltwinmodel/logic-gaps.md	controllers/iot/digitaltwinmodel/diagrams
iot	digitaltwinrelationship	DigitalTwinRelationship	scaffold	repo-authored-semantics	imports/iot/digitaltwinrelationship.json	controllers/iot/digitaltwinrelationship/spec.cfg	controllers/iot/digitaltwinrelationship/logic-gaps.md	controllers/iot/digitaltwinrelationship/diagrams
iot	iotdomain	IotDomain	seeded	repo-authored-semantics	imports/iot/iotdomain.json	controllers/iot/iotdomain/spec.cfg	controllers/iot/iotdomain/logic-gaps.md	controllers/iot/iotdomain/diagrams
iot	iotdomaingroup	IotDomainGroup	scaffold	repo-authored-semantics	imports/iot/iotdomaingroup.json	controllers/iot/iotdomaingroup/spec.cfg	controllers/iot/iotdomaingroup/logic-gaps.md	controllers/iot/iotdomaingroup/diagrams
jms	fleet	Fleet	seeded	repo-authored-semantics	imports/jms/fleet.json	controllers/jms/fleet/spec.cfg	controllers/jms/fleet/logic-gaps.md	controllers/jms/fleet/diagrams
jms	jmsplugin	JmsPlugin	scaffold	repo-authored-semantics	imports/jms/jmsplugin.json	controllers/jms/jmsplugin/spec.cfg	controllers/jms/jmsplugin/logic-gaps.md	controllers/jms/jmsplugin/diagrams
jmsjavadownloads	javadownloadtoken	JavaDownloadToken	seeded	repo-authored-semantics	imports/jmsjavadownloads/javadownloadtoken.json	controllers/jmsjavadownloads/javadownloadtoken/spec.cfg	controllers/jmsjavadownloads/javadownloadtoken/logic-gaps.md	controllers/jmsjavadownloads/javadownloadtoken/diagrams
jmsutils	analyzeapplicationsconfiguration	AnalyzeApplicationsConfiguration	scaffold	repo-authored-semantics	imports/jmsutils/analyzeapplicationsconfiguration.json	controllers/jmsutils/analyzeapplicationsconfiguration/spec.cfg	controllers/jmsutils/analyzeapplicationsconfiguration/logic-gaps.md	controllers/jmsutils/analyzeapplicationsconfiguration/diagrams
jmsutils	javamigrationanalysis	JavaMigrationAnalysis	scaffold	repo-authored-semantics	imports/jmsutils/javamigrationanalysis.json	controllers/jmsutils/javamigrationanalysis/spec.cfg	controllers/jmsutils/javamigrationanalysis/logic-gaps.md	controllers/jmsutils/javamigrationanalysis/diagrams
jmsutils	performancetuninganalysis	PerformanceTuningAnalysis	scaffold	repo-authored-semantics	imports/jmsutils/performancetuninganalysis.json	controllers/jmsutils/performancetuninganalysis/spec.cfg	controllers/jmsutils/performancetuninganalysis/logic-gaps.md	controllers/jmsutils/performancetuninganalysis/diagrams
jmsutils	subscriptionacknowledgmentconfiguration	SubscriptionAcknowledgmentConfiguration	scaffold	repo-authored-semantics	imports/jmsutils/subscriptionacknowledgmentconfiguration.json	controllers/jmsutils/subscriptionacknowledgmentconfiguration/spec.cfg	controllers/jmsutils/subscriptionacknowledgmentconfiguration/logic-gaps.md	controllers/jmsutils/subscriptionacknowledgmentconfiguration/diagrams
jmsutils	workitem	WorkItem	scaffold	repo-authored-semantics	imports/jmsutils/workitem.json	controllers/jmsutils/workitem/spec.cfg	controllers/jmsutils/workitem/logic-gaps.md	controllers/jmsutils/workitem/diagrams
keymanagement	ekmsprivateendpoint	EkmsPrivateEndpoint	seeded	repo-authored-semantics	imports/keymanagement/ekmsprivateendpoint.json	controllers/keymanagement/ekmsprivateendpoint/spec.cfg	controllers/keymanagement/ekmsprivateendpoint/logic-gaps.md	controllers/keymanagement/ekmsprivateendpoint/diagrams
keymanagement	vault	Vault	scaffold	repo-authored-semantics	imports/keymanagement/vault.json	controllers/keymanagement/vault/spec.cfg	controllers/keymanagement/vault/logic-gaps.md	controllers/keymanagement/vault/diagrams
licensemanager	licenserecord	LicenseRecord	seeded	repo-authored-semantics	imports/licensemanager/licenserecord.json	controllers/licensemanager/licenserecord/spec.cfg	controllers/licensemanager/licenserecord/logic-gaps.md	controllers/licensemanager/licenserecord/diagrams
licensemanager	productlicense	ProductLicense	seeded	repo-authored-semantics	imports/licensemanager/productlicense.json	controllers/licensemanager/productlicense/spec.cfg	controllers/licensemanager/productlicense/logic-gaps.md	controllers/licensemanager/productlicense/diagrams
limits	quota	Quota	seeded	repo-authored-semantics	imports/limits/quota.json	controllers/limits/quota/spec.cfg	controllers/limits/quota/logic-gaps.md	controllers/limits/quota/diagrams
limitsincrease	limitsincreaserequest	LimitsIncreaseRequest	scaffold	repo-authored-semantics	imports/limitsincrease/limitsincreaserequest.json	controllers/limitsincrease/limitsincreaserequest/spec.cfg	controllers/limitsincrease/limitsincreaserequest/logic-gaps.md	controllers/limitsincrease/limitsincreaserequest/diagrams
loadbalancer	backend	Backend	seeded	repo-authored-semantics	imports/loadbalancer/backend.json	controllers/loadbalancer/backend/spec.cfg	controllers/loadbalancer/backend/logic-gaps.md	controllers/loadbalancer/backend/diagrams
loadbalancer	backendset	BackendSet	seeded	repo-authored-semantics	imports/loadbalancer/backendset.json	controllers/loadbalancer/backendset/spec.cfg	controllers/loadbalancer/backendset/logic-gaps.md	controllers/loadbalancer/backendset/diagrams
loadbalancer	certificate	Certificate	scaffold	repo-authored-semantics	imports/loadbalancer/certificate.json	controllers/loadbalancer/certificate/spec.cfg	controllers/loadbalancer/certificate/logic-gaps.md	controllers/loadbalancer/certificate/diagrams
loadbalancer	hostname	Hostname	scaffold	repo-authored-semantics	imports/loadbalancer/hostname.json	controllers/loadbalancer/hostname/spec.cfg	controllers/loadbalancer/hostname/logic-gaps.md	controllers/loadbalancer/hostname/diagrams
loadbalancer	listener	Listener	seeded	repo-authored-semantics	imports/loadbalancer/listener.json	controllers/loadbalancer/listener/spec.cfg	controllers/loadbalancer/listener/logic-gaps.md	controllers/loadbalancer/listener/diagrams
loadbalancer	loadbalancer	LoadBalancer	seeded	repo-authored-semantics	imports/loadbalancer/loadbalancer.json	controllers/loadbalancer/loadbalancer/spec.cfg	controllers/loadbalancer/loadbalancer/logic-gaps.md	controllers/loadbalancer/loadbalancer/diagrams
loadbalancer	pathrouteset	PathRouteSet	scaffold	repo-authored-semantics	imports/loadbalancer/pathrouteset.json	controllers/loadbalancer/pathrouteset/spec.cfg	controllers/loadbalancer/pathrouteset/logic-gaps.md	controllers/loadbalancer/pathrouteset/diagrams
loadbalancer	routingpolicy	RoutingPolicy	scaffold	repo-authored-semantics	imports/loadbalancer/routingpolicy.json	controllers/loadbalancer/routingpolicy/spec.cfg	controllers/loadbalancer/routingpolicy/logic-gaps.md	controllers/loadbalancer/routingpolicy/diagrams
loadbalancer	ruleset	RuleSet	scaffold	repo-authored-semantics	imports/loadbalancer/ruleset.json	controllers/loadbalancer/ruleset/spec.cfg	controllers/loadbalancer/ruleset/logic-gaps.md	controllers/loadbalancer/ruleset/diagrams
loadbalancer	sslciphersuite	SSLCipherSuite	scaffold	repo-authored-semantics	imports/loadbalancer/sslciphersuite.json	controllers/loadbalancer/sslciphersuite/spec.cfg	controllers/loadbalancer/sslciphersuite/logic-gaps.md	controllers/loadbalancer/sslciphersuite/diagrams
lockbox	approvaltemplate	ApprovalTemplate	scaffold	repo-authored-semantics	imports/lockbox/approvaltemplate.json	controllers/lockbox/approvaltemplate/spec.cfg	controllers/lockbox/approvaltemplate/logic-gaps.md	controllers/lockbox/approvaltemplate/diagrams
lockbox	lockbox	Lockbox	scaffold	repo-authored-semantics	imports/lockbox/lockbox.json	controllers/lockbox/lockbox/spec.cfg	controllers/lockbox/lockbox/logic-gaps.md	controllers/lockbox/lockbox/diagrams
loganalytics	ingesttimerule	IngestTimeRule	seeded	repo-authored-semantics	imports/loganalytics/ingesttimerule.json	controllers/loganalytics/ingesttimerule/spec.cfg	controllers/loganalytics/ingesttimerule/logic-gaps.md	controllers/loganalytics/ingesttimerule/diagrams
loganalytics	loganalyticsembridge	LogAnalyticsEmBridge	scaffold	repo-authored-semantics	imports/loganalytics/loganalyticsembridge.json	controllers/loganalytics/loganalyticsembridge/spec.cfg	controllers/loganalytics/loganalyticsembridge/logic-gaps.md	controllers/loganalytics/loganalyticsembridge/diagrams
loganalytics	loganalyticsentity	LogAnalyticsEntity	seeded	repo-authored-semantics	imports/loganalytics/loganalyticsentity.json	controllers/loganalytics/loganalyticsentity/spec.cfg	controllers/loganalytics/loganalyticsentity/logic-gaps.md	controllers/loganalytics/loganalyticsentity/diagrams
loganalytics	loganalyticsentitytype	LogAnalyticsEntityType	seeded	repo-authored-semantics	imports/loganalytics/loganalyticsentitytype.json	controllers/loganalytics/loganalyticsentitytype/spec.cfg	controllers/loganalytics/loganalyticsentitytype/logic-gaps.md	controllers/loganalytics/loganalyticsentitytype/diagrams
loganalytics	loganalyticsloggroup	LogAnalyticsLogGroup	seeded	repo-authored-semantics	imports/loganalytics/loganalyticsloggroup.json	controllers/loganalytics/loganalyticsloggroup/spec.cfg	controllers/loganalytics/loganalyticsloggroup/logic-gaps.md	controllers/loganalytics/loganalyticsloggroup/diagrams
loganalytics	loganalyticsobjectcollectionrule	LogAnalyticsObjectCollectionRule	scaffold	repo-authored-semantics	imports/loganalytics/loganalyticsobjectcollectionrule.json	controllers/loganalytics/loganalyticsobjectcollectionrule/spec.cfg	controllers/loganalytics/loganalyticsobjectcollectionrule/logic-gaps.md	controllers/loganalytics/loganalyticsobjectcollectionrule/diagrams
loganalytics	scheduledtask	ScheduledTask	scaffold	repo-authored-semantics	imports/loganalytics/scheduledtask.json	controllers/loganalytics/scheduledtask/spec.cfg	controllers/loganalytics/scheduledtask/logic-gaps.md	controllers/loganalytics/scheduledtask/diagrams
logging	log	Log	seeded	repo-authored-semantics	imports/logging/log.json	controllers/logging/log/spec.cfg	controllers/logging/log/logic-gaps.md	controllers/logging/log/diagrams
logging	loggroup	LogGroup	scaffold	repo-authored-semantics	imports/logging/loggroup.json	controllers/logging/loggroup/spec.cfg	controllers/logging/loggroup/logic-gaps.md	controllers/logging/loggroup/diagrams
logging	logsavedsearch	LogSavedSearch	scaffold	repo-authored-semantics	imports/logging/logsavedsearch.json	controllers/logging/logsavedsearch/spec.cfg	controllers/logging/logsavedsearch/logic-gaps.md	controllers/logging/logsavedsearch/diagrams
logging	unifiedagentconfiguration	UnifiedAgentConfiguration	scaffold	repo-authored-semantics	imports/logging/unifiedagentconfiguration.json	controllers/logging/unifiedagentconfiguration/spec.cfg	controllers/logging/unifiedagentconfiguration/logic-gaps.md	controllers/logging/unifiedagentconfiguration/diagrams
lustrefilestorage	lustrefilesystem	LustreFileSystem	seeded	repo-authored-semantics	imports/lustrefilestorage/lustrefilesystem.json	controllers/lustrefilestorage/lustrefilesystem/spec.cfg	controllers/lustrefilestorage/lustrefilesystem/logic-gaps.md	controllers/lustrefilestorage/lustrefilesystem/diagrams
lustrefilestorage	objectstoragelink	ObjectStorageLink	seeded	repo-authored-semantics	imports/lustrefilestorage/objectstoragelink.json	controllers/lustrefilestorage/objectstoragelink/spec.cfg	controllers/lustrefilestorage/objectstoragelink/logic-gaps.md	controllers/lustrefilestorage/objectstoragelink/diagrams
managedkafka	kafkacluster	KafkaCluster	seeded	repo-authored-semantics	imports/managedkafka/kafkacluster.json	controllers/managedkafka/kafkacluster/spec.cfg	controllers/managedkafka/kafkacluster/logic-gaps.md	controllers/managedkafka/kafkacluster/diagrams
managedkafka	kafkaclusterconfig	KafkaClusterConfig	seeded	repo-authored-semantics	imports/managedkafka/kafkaclusterconfig.json	controllers/managedkafka/kafkaclusterconfig/spec.cfg	controllers/managedkafka/kafkaclusterconfig/logic-gaps.md	controllers/managedkafka/kafkaclusterconfig/diagrams
managementagent	datasource	DataSource	seeded	repo-authored-semantics	imports/managementagent/datasource.json	controllers/managementagent/datasource/spec.cfg	controllers/managementagent/datasource/logic-gaps.md	controllers/managementagent/datasource/diagrams
managementagent	managementagentinstallkey	ManagementAgentInstallKey	seeded	repo-authored-semantics	imports/managementagent/managementagentinstallkey.json	controllers/managementagent/managementagentinstallkey/spec.cfg	controllers/managementagent/managementagentinstallkey/logic-gaps.md	controllers/managementagent/managementagentinstallkey/diagrams
managementagent	namedcredential	NamedCredential	seeded	repo-authored-semantics	imports/managementagent/namedcredential.json	controllers/managementagent/namedcredential/spec.cfg	controllers/managementagent/namedcredential/logic-gaps.md	controllers/managementagent/namedcredential/diagrams
managementdashboard	managementdashboard	ManagementDashboard	scaffold	repo-authored-semantics	imports/managementdashboard/managementdashboard.json	controllers/managementdashboard/managementdashboard/spec.cfg	controllers/managementdashboard/managementdashboard/logic-gaps.md	controllers/managementdashboard/managementdashboard/diagrams
managementdashboard	managementsavedsearch	ManagementSavedSearch	scaffold	repo-authored-semantics	imports/managementdashboard/managementsavedsearch.json	controllers/managementdashboard/managementsavedsearch/spec.cfg	controllers/managementdashboard/managementsavedsearch/logic-gaps.md	controllers/managementdashboard/managementsavedsearch/diagrams
marketplace	acceptedagreement	AcceptedAgreement	seeded	repo-authored-semantics	imports/marketplace/acceptedagreement.json	controllers/marketplace/acceptedagreement/spec.cfg	controllers/marketplace/acceptedagreement/logic-gaps.md	controllers/marketplace/acceptedagreement/diagrams
marketplace	publication	Publication	scaffold	repo-authored-semantics	imports/marketplace/publication.json	controllers/marketplace/publication/spec.cfg	controllers/marketplace/publication/logic-gaps.md	controllers/marketplace/publication/diagrams
marketplaceprivateoffer	offer	Offer	scaffold	repo-authored-semantics	imports/marketplaceprivateoffer/offer.json	controllers/marketplaceprivateoffer/offer/spec.cfg	controllers/marketplaceprivateoffer/offer/logic-gaps.md	controllers/marketplaceprivateoffer/offer/diagrams
marketplacepublisher	artifact	Artifact	seeded	repo-authored-semantics	imports/marketplacepublisher/artifact.json	controllers/marketplacepublisher/artifact/spec.cfg	controllers/marketplacepublisher/artifact/logic-gaps.md	controllers/marketplacepublisher/artifact/diagrams
marketplacepublisher	listing	Listing	scaffold	repo-authored-semantics	imports/marketplacepublisher/listing.json	controllers/marketplacepublisher/listing/spec.cfg	controllers/marketplacepublisher/listing/logic-gaps.md	controllers/marketplacepublisher/listing/diagrams
marketplacepublisher	listingrevision	ListingRevision	scaffold	repo-authored-semantics	imports/marketplacepublisher/listingrevision.json	controllers/marketplacepublisher/listingrevision/spec.cfg	controllers/marketplacepublisher/listingrevision/logic-gaps.md	controllers/marketplacepublisher/listingrevision/diagrams
marketplacepublisher	listingrevisionattachment	ListingRevisionAttachment	scaffold	repo-authored-semantics	imports/marketplacepublisher/listingrevisionattachment.json	controllers/marketplacepublisher/listingrevisionattachment/spec.cfg	controllers/marketplacepublisher/listingrevisionattachment/logic-gaps.md	controllers/marketplacepublisher/listingrevisionattachment/diagrams
marketplacepublisher	listingrevisionnote	ListingRevisionNote	scaffold	repo-authored-semantics	imports/marketplacepublisher/listingrevisionnote.json	controllers/marketplacepublisher/listingrevisionnote/spec.cfg	controllers/marketplacepublisher/listingrevisionnote/logic-gaps.md	controllers/marketplacepublisher/listingrevisionnote/diagrams
marketplacepublisher	listingrevisionpackage	ListingRevisionPackage	scaffold	repo-authored-semantics	imports/marketplacepublisher/listingrevisionpackage.json	controllers/marketplacepublisher/listingrevisionpackage/spec.cfg	controllers/marketplacepublisher/listingrevisionpackage/logic-gaps.md	controllers/marketplacepublisher/listingrevisionpackage/diagrams
marketplacepublisher	term	Term	scaffold	repo-authored-semantics	imports/marketplacepublisher/term.json	controllers/marketplacepublisher/term/spec.cfg	controllers/marketplacepublisher/term/logic-gaps.md	controllers/marketplacepublisher/term/diagrams
marketplacepublisher	termversion	TermVersion	scaffold	repo-authored-semantics	imports/marketplacepublisher/termversion.json	controllers/marketplacepublisher/termversion/spec.cfg	controllers/marketplacepublisher/termversion/logic-gaps.md	controllers/marketplacepublisher/termversion/diagrams
mediaservices	mediaasset	MediaAsset	seeded	repo-authored-semantics	imports/mediaservices/mediaasset.json	controllers/mediaservices/mediaasset/spec.cfg	controllers/mediaservices/mediaasset/logic-gaps.md	controllers/mediaservices/mediaasset/diagrams
mediaservices	mediaworkflow	MediaWorkflow	seeded	repo-authored-semantics	imports/mediaservices/mediaworkflow.json	controllers/mediaservices/mediaworkflow/spec.cfg	controllers/mediaservices/mediaworkflow/logic-gaps.md	controllers/mediaservices/mediaworkflow/diagrams
mediaservices	mediaworkflowconfiguration	MediaWorkflowConfiguration	scaffold	repo-authored-semantics	imports/mediaservices/mediaworkflowconfiguration.json	controllers/mediaservices/mediaworkflowconfiguration/spec.cfg	controllers/mediaservices/mediaworkflowconfiguration/logic-gaps.md	controllers/mediaservices/mediaworkflowconfiguration/diagrams
mngdmac	macdevice	MacDevice	seeded	repo-authored-semantics	imports/mngdmac/macdevice.json	controllers/mngdmac/macdevice/spec.cfg	controllers/mngdmac/macdevice/logic-gaps.md	controllers/mngdmac/macdevice/diagrams
mngdmac	macorder	MacOrder	seeded	repo-authored-semantics	imports/mngdmac/macorder.json	controllers/mngdmac/macorder/spec.cfg	controllers/mngdmac/macorder/logic-gaps.md	controllers/mngdmac/macorder/diagrams
monitoring	alarm	Alarm	seeded	repo-authored-semantics	imports/monitoring/alarm.json	controllers/monitoring/alarm/spec.cfg	controllers/monitoring/alarm/logic-gaps.md	controllers/monitoring/alarm/diagrams
monitoring	alarmsuppression	AlarmSuppression	scaffold	repo-authored-semantics	imports/monitoring/alarmsuppression.json	controllers/monitoring/alarmsuppression/spec.cfg	controllers/monitoring/alarmsuppression/logic-gaps.md	controllers/monitoring/alarmsuppression/diagrams
multicloud	externallocationdetailsmetadata	ExternalLocationDetailsMetadata	scaffold	repo-authored-semantics	imports/multicloud/externallocationdetailsmetadata.json	controllers/multicloud/externallocationdetailsmetadata/spec.cfg	controllers/multicloud/externallocationdetailsmetadata/logic-gaps.md	controllers/multicloud/externallocationdetailsmetadata/diagrams
multicloud	externallocationmappingmetadata	ExternalLocationMappingMetadata	scaffold	repo-authored-semantics	imports/multicloud/externallocationmappingmetadata.json	controllers/multicloud/externallocationmappingmetadata/spec.cfg	controllers/multicloud/externallocationmappingmetadata/logic-gaps.md	controllers/multicloud/externallocationmappingmetadata/diagrams
multicloud	externallocationsummariesmetadata	ExternalLocationSummariesMetadata	scaffold	repo-authored-semantics	imports/multicloud/externallocationsummariesmetadata.json	controllers/multicloud/externallocationsummariesmetadata/spec.cfg	controllers/multicloud/externallocationsummariesmetadata/logic-gaps.md	controllers/multicloud/externallocationsummariesmetadata/diagrams
multicloud	multicloudmetadata	MultiCloudMetadata	scaffold	repo-authored-semantics	imports/multicloud/multicloudmetadata.json	controllers/multicloud/multicloudmetadata/spec.cfg	controllers/multicloud/multicloudmetadata/logic-gaps.md	controllers/multicloud/multicloudmetadata/diagrams
multicloud	multicloudresource	MulticloudResource	scaffold	repo-authored-semantics	imports/multicloud/multicloudresource.json	controllers/multicloud/multicloudresource/spec.cfg	controllers/multicloud/multicloudresource/logic-gaps.md	controllers/multicloud/multicloudresource/diagrams
multicloud	multicloudsubscription	MulticloudSubscription	scaffold	repo-authored-semantics	imports/multicloud/multicloudsubscription.json	controllers/multicloud/multicloudsubscription/spec.cfg	controllers/multicloud/multicloudsubscription/logic-gaps.md	controllers/multicloud/multicloudsubscription/diagrams
multicloud	networkanchor	NetworkAnchor	scaffold	repo-authored-semantics	imports/multicloud/networkanchor.json	controllers/multicloud/networkanchor/spec.cfg	controllers/multicloud/networkanchor/logic-gaps.md	controllers/multicloud/networkanchor/diagrams
multicloud	resourceanchor	ResourceAnchor	scaffold	repo-authored-semantics	imports/multicloud/resourceanchor.json	controllers/multicloud/resourceanchor/spec.cfg	controllers/multicloud/resourceanchor/logic-gaps.md	controllers/multicloud/resourceanchor/diagrams
mysql	dbsystem	DbSystem	seeded	repo-authored-semantics	imports/mysql/dbsystem.json	controllers/mysql/dbsystem/spec.cfg	controllers/mysql/dbsystem/logic-gaps.md	controllers/mysql/dbsystem/diagrams
networkfirewall	addresslist	AddressList	seeded	repo-authored-semantics	imports/networkfirewall/addresslist.json	controllers/networkfirewall/addresslist/spec.cfg	controllers/networkfirewall/addresslist/logic-gaps.md	controllers/networkfirewall/addresslist/diagrams
networkfirewall	application	Application	seeded	repo-authored-semantics	imports/networkfirewall/application.json	controllers/networkfirewall/application/spec.cfg	controllers/networkfirewall/application/logic-gaps.md	controllers/networkfirewall/application/diagrams
networkfirewall	applicationgroup	ApplicationGroup	seeded	repo-authored-semantics	imports/networkfirewall/applicationgroup.json	controllers/networkfirewall/applicationgroup/spec.cfg	controllers/networkfirewall/applicationgroup/logic-gaps.md	controllers/networkfirewall/applicationgroup/diagrams
networkfirewall	decryptionprofile	DecryptionProfile	seeded	repo-authored-semantics	imports/networkfirewall/decryptionprofile.json	controllers/networkfirewall/decryptionprofile/spec.cfg	controllers/networkfirewall/decryptionprofile/logic-gaps.md	controllers/networkfirewall/decryptionprofile/diagrams
networkfirewall	decryptionrule	DecryptionRule	seeded	repo-authored-semantics	imports/networkfirewall/decryptionrule.json	controllers/networkfirewall/decryptionrule/spec.cfg	controllers/networkfirewall/decryptionrule/logic-gaps.md	controllers/networkfirewall/decryptionrule/diagrams
networkfirewall	mappedsecret	MappedSecret	scaffold	repo-authored-semantics	imports/networkfirewall/mappedsecret.json	controllers/networkfirewall/mappedsecret/spec.cfg	controllers/networkfirewall/mappedsecret/logic-gaps.md	controllers/networkfirewall/mappedsecret/diagrams
networkfirewall	natrule	NatRule	seeded	repo-authored-semantics	imports/networkfirewall/natrule.json	controllers/networkfirewall/natrule/spec.cfg	controllers/networkfirewall/natrule/logic-gaps.md	controllers/networkfirewall/natrule/diagrams
networkfirewall	networkfirewall	NetworkFirewall	seeded	repo-authored-semantics	imports/networkfirewall/networkfirewall.json	controllers/networkfirewall/networkfirewall/spec.cfg	controllers/networkfirewall/networkfirewall/logic-gaps.md	controllers/networkfirewall/networkfirewall/diagrams
networkfirewall	networkfirewallpolicy	NetworkFirewallPolicy	seeded	repo-authored-semantics	imports/networkfirewall/networkfirewallpolicy.json	controllers/networkfirewall/networkfirewallpolicy/spec.cfg	controllers/networkfirewall/networkfirewallpolicy/logic-gaps.md	controllers/networkfirewall/networkfirewallpolicy/diagrams
networkfirewall	securityrule	SecurityRule	seeded	repo-authored-semantics	imports/networkfirewall/securityrule.json	controllers/networkfirewall/securityrule/spec.cfg	controllers/networkfirewall/securityrule/logic-gaps.md	controllers/networkfirewall/securityrule/diagrams
networkfirewall	service	Service	seeded	repo-authored-semantics	imports/networkfirewall/service.json	controllers/networkfirewall/service/spec.cfg	controllers/networkfirewall/service/logic-gaps.md	controllers/networkfirewall/service/diagrams
networkfirewall	servicelist	ServiceList	seeded	repo-authored-semantics	imports/networkfirewall/servicelist.json	controllers/networkfirewall/servicelist/spec.cfg	controllers/networkfirewall/servicelist/logic-gaps.md	controllers/networkfirewall/servicelist/diagrams
networkfirewall	tunnelinspectionrule	TunnelInspectionRule	seeded	repo-authored-semantics	imports/networkfirewall/tunnelinspectionrule.json	controllers/networkfirewall/tunnelinspectionrule/spec.cfg	controllers/networkfirewall/tunnelinspectionrule/logic-gaps.md	controllers/networkfirewall/tunnelinspectionrule/diagrams
networkfirewall	urllist	UrlList	seeded	repo-authored-semantics	imports/networkfirewall/urllist.json	controllers/networkfirewall/urllist/spec.cfg	controllers/networkfirewall/urllist/logic-gaps.md	controllers/networkfirewall/urllist/diagrams
networkloadbalancer	backend	Backend	seeded	repo-authored-semantics	imports/networkloadbalancer/backend.json	controllers/networkloadbalancer/backend/spec.cfg	controllers/networkloadbalancer/backend/logic-gaps.md	controllers/networkloadbalancer/backend/diagrams
networkloadbalancer	backendset	BackendSet	seeded	repo-authored-semantics	imports/networkloadbalancer/backendset.json	controllers/networkloadbalancer/backendset/spec.cfg	controllers/networkloadbalancer/backendset/logic-gaps.md	controllers/networkloadbalancer/backendset/diagrams
networkloadbalancer	listener	Listener	seeded	repo-authored-semantics	imports/networkloadbalancer/listener.json	controllers/networkloadbalancer/listener/spec.cfg	controllers/networkloadbalancer/listener/logic-gaps.md	controllers/networkloadbalancer/listener/diagrams
networkloadbalancer	networkloadbalancer	NetworkLoadBalancer	seeded	repo-authored-semantics	imports/networkloadbalancer/networkloadbalancer.json	controllers/networkloadbalancer/networkloadbalancer/spec.cfg	controllers/networkloadbalancer/networkloadbalancer/logic-gaps.md	controllers/networkloadbalancer/networkloadbalancer/diagrams
nosql	table	Table	seeded	repo-authored-semantics	imports/nosql/table.json	controllers/nosql/table/spec.cfg	controllers/nosql/table/logic-gaps.md	controllers/nosql/table/diagrams
objectstorage	objectstoragebucket	Bucket	seeded	repo-authored-semantics	imports/objectstorage/objectstoragebucket.json	controllers/objectstorage/objectstoragebucket/spec.cfg	controllers/objectstorage/objectstoragebucket/logic-gaps.md	controllers/objectstorage/objectstoragebucket/diagrams
oce	oceinstance	OceInstance	seeded	repo-authored-semantics	imports/oce/oceinstance.json	controllers/oce/oceinstance/spec.cfg	controllers/oce/oceinstance/logic-gaps.md	controllers/oce/oceinstance/diagrams
ocicontrolcenter	metricproperty	MetricProperty	scaffold	repo-authored-semantics	imports/ocicontrolcenter/metricproperty.json	controllers/ocicontrolcenter/metricproperty/spec.cfg	controllers/ocicontrolcenter/metricproperty/logic-gaps.md	controllers/ocicontrolcenter/metricproperty/diagrams
ocicontrolcenter	namespace	Namespace	scaffold	repo-authored-semantics	imports/ocicontrolcenter/namespace.json	controllers/ocicontrolcenter/namespace/spec.cfg	controllers/ocicontrolcenter/namespace/logic-gaps.md	controllers/ocicontrolcenter/namespace/diagrams
ocvp	cluster	Cluster	seeded	repo-authored-semantics	imports/ocvp/cluster.json	controllers/ocvp/cluster/spec.cfg	controllers/ocvp/cluster/logic-gaps.md	controllers/ocvp/cluster/diagrams
ocvp	esxihost	EsxiHost	scaffold	repo-authored-semantics	imports/ocvp/esxihost.json	controllers/ocvp/esxihost/spec.cfg	controllers/ocvp/esxihost/logic-gaps.md	controllers/ocvp/esxihost/diagrams
ocvp	sddc	Sddc	seeded	repo-authored-semantics	imports/ocvp/sddc.json	controllers/ocvp/sddc/spec.cfg	controllers/ocvp/sddc/logic-gaps.md	controllers/ocvp/sddc/diagrams
oda	authenticationprovider	AuthenticationProvider	scaffold	repo-authored-semantics	imports/oda/authenticationprovider.json	controllers/oda/authenticationprovider/spec.cfg	controllers/oda/authenticationprovider/logic-gaps.md	controllers/oda/authenticationprovider/diagrams
oda	channel	Channel	scaffold	repo-authored-semantics	imports/oda/channel.json	controllers/oda/channel/spec.cfg	controllers/oda/channel/logic-gaps.md	controllers/oda/channel/diagrams
oda	digitalassistant	DigitalAssistant	scaffold	repo-authored-semantics	imports/oda/digitalassistant.json	controllers/oda/digitalassistant/spec.cfg	controllers/oda/digitalassistant/logic-gaps.md	controllers/oda/digitalassistant/diagrams
oda	importedpackage	ImportedPackage	scaffold	repo-authored-semantics	imports/oda/importedpackage.json	controllers/oda/importedpackage/spec.cfg	controllers/oda/importedpackage/logic-gaps.md	controllers/oda/importedpackage/diagrams
oda	odainstance	OdaInstance	scaffold	repo-authored-semantics	imports/oda/odainstance.json	controllers/oda/odainstance/spec.cfg	controllers/oda/odainstance/logic-gaps.md	controllers/oda/odainstance/diagrams
oda	odainstanceattachment	OdaInstanceAttachment	scaffold	repo-authored-semantics	imports/oda/odainstanceattachment.json	controllers/oda/odainstanceattachment/spec.cfg	controllers/oda/odainstanceattachment/logic-gaps.md	controllers/oda/odainstanceattachment/diagrams
oda	odaprivateendpoint	OdaPrivateEndpoint	scaffold	repo-authored-semantics	imports/oda/odaprivateendpoint.json	controllers/oda/odaprivateendpoint/spec.cfg	controllers/oda/odaprivateendpoint/logic-gaps.md	controllers/oda/odaprivateendpoint/diagrams
oda	odaprivateendpointattachment	OdaPrivateEndpointAttachment	scaffold	repo-authored-semantics	imports/oda/odaprivateendpointattachment.json	controllers/oda/odaprivateendpointattachment/spec.cfg	controllers/oda/odaprivateendpointattachment/logic-gaps.md	controllers/oda/odaprivateendpointattachment/diagrams
oda	odaprivateendpointscanproxy	OdaPrivateEndpointScanProxy	scaffold	repo-authored-semantics	imports/oda/odaprivateendpointscanproxy.json	controllers/oda/odaprivateendpointscanproxy/spec.cfg	controllers/oda/odaprivateendpointscanproxy/logic-gaps.md	controllers/oda/odaprivateendpointscanproxy/diagrams
oda	skill	Skill	scaffold	repo-authored-semantics	imports/oda/skill.json	controllers/oda/skill/spec.cfg	controllers/oda/skill/logic-gaps.md	controllers/oda/skill/diagrams
oda	skillparameter	SkillParameter	scaffold	repo-authored-semantics	imports/oda/skillparameter.json	controllers/oda/skillparameter/spec.cfg	controllers/oda/skillparameter/logic-gaps.md	controllers/oda/skillparameter/diagrams
oda	translator	Translator	scaffold	repo-authored-semantics	imports/oda/translator.json	controllers/oda/translator/spec.cfg	controllers/oda/translator/logic-gaps.md	controllers/oda/translator/diagrams
onesubscription	subscription	Subscription	seeded	repo-authored-semantics	imports/onesubscription/subscription.json	controllers/onesubscription/subscription/spec.cfg	controllers/onesubscription/subscription/logic-gaps.md	controllers/onesubscription/subscription/diagrams
ons	subscription	Subscription	seeded	repo-authored-semantics	imports/ons/subscription.json	controllers/ons/subscription/spec.cfg	controllers/ons/subscription/logic-gaps.md	controllers/ons/subscription/diagrams
ons	topic	Topic	seeded	repo-authored-semantics	imports/ons/topic.json	controllers/ons/topic/spec.cfg	controllers/ons/topic/logic-gaps.md	controllers/ons/topic/diagrams
opa	opainstance	OpaInstance	seeded	repo-authored-semantics	imports/opa/opainstance.json	controllers/opa/opainstance/spec.cfg	controllers/opa/opainstance/logic-gaps.md	controllers/opa/opainstance/diagrams
opensearch	opensearchopensearchcluster	OpensearchCluster	seeded	repo-authored-semantics	imports/opensearch/opensearchopensearchcluster.json	controllers/opensearch/opensearchopensearchcluster/spec.cfg	controllers/opensearch/opensearchopensearchcluster/logic-gaps.md	controllers/opensearch/opensearchopensearchcluster/diagrams
operatoraccesscontrol	operatorcontrol	OperatorControl	seeded	repo-authored-semantics	imports/operatoraccesscontrol/operatorcontrol.json	controllers/operatoraccesscontrol/operatorcontrol/spec.cfg	controllers/operatoraccesscontrol/operatorcontrol/logic-gaps.md	controllers/operatoraccesscontrol/operatorcontrol/diagrams
operatoraccesscontrol	operatorcontrolassignment	OperatorControlAssignment	seeded	repo-authored-semantics	imports/operatoraccesscontrol/operatorcontrolassignment.json	controllers/operatoraccesscontrol/operatorcontrolassignment/spec.cfg	controllers/operatoraccesscontrol/operatorcontrolassignment/logic-gaps.md	controllers/operatoraccesscontrol/operatorcontrolassignment/diagrams
opsi	awrhub	AwrHub	seeded	repo-authored-semantics	imports/opsi/awrhub.json	controllers/opsi/awrhub/spec.cfg	controllers/opsi/awrhub/logic-gaps.md	controllers/opsi/awrhub/diagrams
opsi	awrhubsource	AwrHubSource	seeded	repo-authored-semantics	imports/opsi/awrhubsource.json	controllers/opsi/awrhubsource/spec.cfg	controllers/opsi/awrhubsource/logic-gaps.md	controllers/opsi/awrhubsource/diagrams
opsi	chargebackplan	ChargebackPlan	scaffold	repo-authored-semantics	imports/opsi/chargebackplan.json	controllers/opsi/chargebackplan/spec.cfg	controllers/opsi/chargebackplan/logic-gaps.md	controllers/opsi/chargebackplan/diagrams
opsi	chargebackplanreport	ChargebackPlanReport	seeded	repo-authored-semantics	imports/opsi/chargebackplanreport.json	controllers/opsi/chargebackplanreport/spec.cfg	controllers/opsi/chargebackplanreport/logic-gaps.md	controllers/opsi/chargebackplanreport/diagrams
opsi	databaseinsight	DatabaseInsight	seeded	repo-authored-semantics	imports/opsi/databaseinsight.json	controllers/opsi/databaseinsight/spec.cfg	controllers/opsi/databaseinsight/logic-gaps.md	controllers/opsi/databaseinsight/diagrams
opsi	enterprisemanagerbridge	EnterpriseManagerBridge	seeded	repo-authored-semantics	imports/opsi/enterprisemanagerbridge.json	controllers/opsi/enterprisemanagerbridge/spec.cfg	controllers/opsi/enterprisemanagerbridge/logic-gaps.md	controllers/opsi/enterprisemanagerbridge/diagrams
opsi	exadatainsight	ExadataInsight	seeded	repo-authored-semantics	imports/opsi/exadatainsight.json	controllers/opsi/exadatainsight/spec.cfg	controllers/opsi/exadatainsight/logic-gaps.md	controllers/opsi/exadatainsight/diagrams
opsi	hostinsight	HostInsight	seeded	repo-authored-semantics	imports/opsi/hostinsight.json	controllers/opsi/hostinsight/spec.cfg	controllers/opsi/hostinsight/logic-gaps.md	controllers/opsi/hostinsight/diagrams
opsi	newsreport	NewsReport	seeded	repo-authored-semantics	imports/opsi/newsreport.json	controllers/opsi/newsreport/spec.cfg	controllers/opsi/newsreport/logic-gaps.md	controllers/opsi/newsreport/diagrams
opsi	operationsinsightsprivateendpoint	OperationsInsightsPrivateEndpoint	seeded	repo-authored-semantics	imports/opsi/operationsinsightsprivateendpoint.json	controllers/opsi/operationsinsightsprivateendpoint/spec.cfg	controllers/opsi/operationsinsightsprivateendpoint/logic-gaps.md	controllers/opsi/operationsinsightsprivateendpoint/diagrams
opsi	operationsinsightswarehouse	OperationsInsightsWarehouse	seeded	repo-authored-semantics	imports/opsi/operationsinsightswarehouse.json	controllers/opsi/operationsinsightswarehouse/spec.cfg	controllers/opsi/operationsinsightswarehouse/logic-gaps.md	controllers/opsi/operationsinsightswarehouse/diagrams
opsi	operationsinsightswarehouseuser	OperationsInsightsWarehouseUser	seeded	repo-authored-semantics	imports/opsi/operationsinsightswarehouseuser.json	controllers/opsi/operationsinsightswarehouseuser/spec.cfg	controllers/opsi/operationsinsightswarehouseuser/logic-gaps.md	controllers/opsi/operationsinsightswarehouseuser/diagrams
opsi	opsiconfiguration	OpsiConfiguration	seeded	repo-authored-semantics	imports/opsi/opsiconfiguration.json	controllers/opsi/opsiconfiguration/spec.cfg	controllers/opsi/opsiconfiguration/logic-gaps.md	controllers/opsi/opsiconfiguration/diagrams
optimizer	profile	Profile	seeded	repo-authored-semantics	imports/optimizer/profile.json	controllers/optimizer/profile/spec.cfg	controllers/optimizer/profile/logic-gaps.md	controllers/optimizer/profile/diagrams
osmanagementhub	lifecycleenvironment	LifecycleEnvironment	seeded	repo-authored-semantics	imports/osmanagementhub/lifecycleenvironment.json	controllers/osmanagementhub/lifecycleenvironment/spec.cfg	controllers/osmanagementhub/lifecycleenvironment/logic-gaps.md	controllers/osmanagementhub/lifecycleenvironment/diagrams
osmanagementhub	managedinstancegroup	ManagedInstanceGroup	seeded	repo-authored-semantics	imports/osmanagementhub/managedinstancegroup.json	controllers/osmanagementhub/managedinstancegroup/spec.cfg	controllers/osmanagementhub/managedinstancegroup/logic-gaps.md	controllers/osmanagementhub/managedinstancegroup/diagrams
osmanagementhub	managementstation	ManagementStation	seeded	repo-authored-semantics	imports/osmanagementhub/managementstation.json	controllers/osmanagementhub/managementstation/spec.cfg	controllers/osmanagementhub/managementstation/logic-gaps.md	controllers/osmanagementhub/managementstation/diagrams
osmanagementhub	profile	Profile	seeded	repo-authored-semantics	imports/osmanagementhub/profile.json	controllers/osmanagementhub/profile/spec.cfg	controllers/osmanagementhub/profile/logic-gaps.md	controllers/osmanagementhub/profile/diagrams
osmanagementhub	scheduledjob	ScheduledJob	seeded	repo-authored-semantics	imports/osmanagementhub/scheduledjob.json	controllers/osmanagementhub/scheduledjob/spec.cfg	controllers/osmanagementhub/scheduledjob/logic-gaps.md	controllers/osmanagementhub/scheduledjob/diagrams
osmanagementhub	softwaresource	SoftwareSource	seeded	repo-authored-semantics	imports/osmanagementhub/softwaresource.json	controllers/osmanagementhub/softwaresource/spec.cfg	controllers/osmanagementhub/softwaresource/logic-gaps.md	controllers/osmanagementhub/softwaresource/diagrams
osubbillingschedule	billingschedule	BillingSchedule	scaffold	repo-authored-semantics	imports/osubbillingschedule/billingschedule.json	controllers/osubbillingschedule/billingschedule/spec.cfg	controllers/osubbillingschedule/billingschedule/logic-gaps.md	controllers/osubbillingschedule/billingschedule/diagrams
osuborganizationsubscription	organizationsubscription	OrganizationSubscription	scaffold	repo-authored-semantics	imports/osuborganizationsubscription/organizationsubscription.json	controllers/osuborganizationsubscription/organizationsubscription/spec.cfg	controllers/osuborganizationsubscription/organizationsubscription/logic-gaps.md	controllers/osuborganizationsubscription/organizationsubscription/diagrams
osubsubscription	subscription	Subscription	seeded	repo-authored-semantics	imports/osubsubscription/subscription.json	controllers/osubsubscription/subscription/spec.cfg	controllers/osubsubscription/subscription/logic-gaps.md	controllers/osubsubscription/subscription/diagrams
psa	privateserviceaccess	PrivateServiceAccess	seeded	repo-authored-semantics	imports/psa/privateserviceaccess.json	controllers/psa/privateserviceaccess/spec.cfg	controllers/psa/privateserviceaccess/logic-gaps.md	controllers/psa/privateserviceaccess/diagrams
psql	dbsystem	DbSystem	seeded	repo-authored-semantics	imports/psql/dbsystem.json	controllers/psql/dbsystem/spec.cfg	controllers/psql/dbsystem/logic-gaps.md	controllers/psql/dbsystem/diagrams
queue	queue	Queue	seeded	repo-authored-semantics	imports/queue/queue.json	controllers/queue/queue/spec.cfg	controllers/queue/queue/logic-gaps.md	controllers/queue/queue/diagrams
recovery	protecteddatabase	ProtectedDatabase	seeded	repo-authored-semantics	imports/recovery/protecteddatabase.json	controllers/recovery/protecteddatabase/spec.cfg	controllers/recovery/protecteddatabase/logic-gaps.md	controllers/recovery/protecteddatabase/diagrams
recovery	protectionpolicy	ProtectionPolicy	seeded	repo-authored-semantics	imports/recovery/protectionpolicy.json	controllers/recovery/protectionpolicy/spec.cfg	controllers/recovery/protectionpolicy/logic-gaps.md	controllers/recovery/protectionpolicy/diagrams
recovery	recoveryservicesubnet	RecoveryServiceSubnet	seeded	repo-authored-semantics	imports/recovery/recoveryservicesubnet.json	controllers/recovery/recoveryservicesubnet/spec.cfg	controllers/recovery/recoveryservicesubnet/logic-gaps.md	controllers/recovery/recoveryservicesubnet/diagrams
redis	rediscluster	RedisCluster	seeded	repo-authored-semantics	imports/redis/rediscluster.json	controllers/redis/rediscluster/spec.cfg	controllers/redis/rediscluster/logic-gaps.md	controllers/redis/rediscluster/diagrams
resourceanalytics	resourceanalyticsinstance	ResourceAnalyticsInstance	seeded	repo-authored-semantics	imports/resourceanalytics/resourceanalyticsinstance.json	controllers/resourceanalytics/resourceanalyticsinstance/spec.cfg	controllers/resourceanalytics/resourceanalyticsinstance/logic-gaps.md	controllers/resourceanalytics/resourceanalyticsinstance/diagrams
resourceanalytics	tenancyattachment	TenancyAttachment	seeded	repo-authored-semantics	imports/resourceanalytics/tenancyattachment.json	controllers/resourceanalytics/tenancyattachment/spec.cfg	controllers/resourceanalytics/tenancyattachment/logic-gaps.md	controllers/resourceanalytics/tenancyattachment/diagrams
resourcemanager	configurationsourceprovider	ConfigurationSourceProvider	seeded	repo-authored-semantics	imports/resourcemanager/configurationsourceprovider.json	controllers/resourcemanager/configurationsourceprovider/spec.cfg	controllers/resourcemanager/configurationsourceprovider/logic-gaps.md	controllers/resourcemanager/configurationsourceprovider/diagrams
resourcemanager	privateendpoint	PrivateEndpoint	seeded	repo-authored-semantics	imports/resourcemanager/privateendpoint.json	controllers/resourcemanager/privateendpoint/spec.cfg	controllers/resourcemanager/privateendpoint/logic-gaps.md	controllers/resourcemanager/privateendpoint/diagrams
resourcemanager	stack	Stack	scaffold	repo-authored-semantics	imports/resourcemanager/stack.json	controllers/resourcemanager/stack/spec.cfg	controllers/resourcemanager/stack/logic-gaps.md	controllers/resourcemanager/stack/diagrams
resourcescheduler	schedule	Schedule	seeded	repo-authored-semantics	imports/resourcescheduler/schedule.json	controllers/resourcescheduler/schedule/spec.cfg	controllers/resourcescheduler/schedule/logic-gaps.md	controllers/resourcescheduler/schedule/diagrams
rover	rovercluster	RoverCluster	seeded	repo-authored-semantics	imports/rover/rovercluster.json	controllers/rover/rovercluster/spec.cfg	controllers/rover/rovercluster/logic-gaps.md	controllers/rover/rovercluster/diagrams
rover	rovernode	RoverNode	seeded	repo-authored-semantics	imports/rover/rovernode.json	controllers/rover/rovernode/spec.cfg	controllers/rover/rovernode/logic-gaps.md	controllers/rover/rovernode/diagrams
sch	serviceconnector	ServiceConnector	seeded	repo-authored-semantics	imports/sch/serviceconnector.json	controllers/sch/serviceconnector/spec.cfg	controllers/sch/serviceconnector/logic-gaps.md	controllers/sch/serviceconnector/diagrams
securityattribute	securityattribute	SecurityAttribute	scaffold	repo-authored-semantics	imports/securityattribute/securityattribute.json	controllers/securityattribute/securityattribute/spec.cfg	controllers/securityattribute/securityattribute/logic-gaps.md	controllers/securityattribute/securityattribute/diagrams
securityattribute	securityattributenamespace	SecurityAttributeNamespace	seeded	repo-authored-semantics	imports/securityattribute/securityattributenamespace.json	controllers/securityattribute/securityattributenamespace/spec.cfg	controllers/securityattribute/securityattributenamespace/logic-gaps.md	controllers/securityattribute/securityattributenamespace/diagrams
self	subscription	Subscription	seeded	repo-authored-semantics	imports/self/subscription.json	controllers/self/subscription/spec.cfg	controllers/self/subscription/logic-gaps.md	controllers/self/subscription/diagrams
servicecatalog	privateapplication	PrivateApplication	seeded	repo-authored-semantics	imports/servicecatalog/privateapplication.json	controllers/servicecatalog/privateapplication/spec.cfg	controllers/servicecatalog/privateapplication/logic-gaps.md	controllers/servicecatalog/privateapplication/diagrams
servicecatalog	servicecatalog	ServiceCatalog	seeded	repo-authored-semantics	imports/servicecatalog/servicecatalog.json	controllers/servicecatalog/servicecatalog/spec.cfg	controllers/servicecatalog/servicecatalog/logic-gaps.md	controllers/servicecatalog/servicecatalog/diagrams
servicemanagerproxy	serviceenvironment	ServiceEnvironment	seeded	repo-authored-semantics	imports/servicemanagerproxy/serviceenvironment.json	controllers/servicemanagerproxy/serviceenvironment/spec.cfg	controllers/servicemanagerproxy/serviceenvironment/logic-gaps.md	controllers/servicemanagerproxy/serviceenvironment/diagrams
stackmonitoring	alarmcondition	AlarmCondition	scaffold	repo-authored-semantics	imports/stackmonitoring/alarmcondition.json	controllers/stackmonitoring/alarmcondition/spec.cfg	controllers/stackmonitoring/alarmcondition/logic-gaps.md	controllers/stackmonitoring/alarmcondition/diagrams
stackmonitoring	baselineablemetric	BaselineableMetric	seeded	repo-authored-semantics	imports/stackmonitoring/baselineablemetric.json	controllers/stackmonitoring/baselineablemetric/spec.cfg	controllers/stackmonitoring/baselineablemetric/logic-gaps.md	controllers/stackmonitoring/baselineablemetric/diagrams
stackmonitoring	config	Config	seeded	repo-authored-semantics	imports/stackmonitoring/config.json	controllers/stackmonitoring/config/spec.cfg	controllers/stackmonitoring/config/logic-gaps.md	controllers/stackmonitoring/config/diagrams
stackmonitoring	maintenancewindow	MaintenanceWindow	seeded	repo-authored-semantics	imports/stackmonitoring/maintenancewindow.json	controllers/stackmonitoring/maintenancewindow/spec.cfg	controllers/stackmonitoring/maintenancewindow/logic-gaps.md	controllers/stackmonitoring/maintenancewindow/diagrams
stackmonitoring	metricextension	MetricExtension	seeded	repo-authored-semantics	imports/stackmonitoring/metricextension.json	controllers/stackmonitoring/metricextension/spec.cfg	controllers/stackmonitoring/metricextension/logic-gaps.md	controllers/stackmonitoring/metricextension/diagrams
stackmonitoring	monitoredresource	MonitoredResource	seeded	repo-authored-semantics	imports/stackmonitoring/monitoredresource.json	controllers/stackmonitoring/monitoredresource/spec.cfg	controllers/stackmonitoring/monitoredresource/logic-gaps.md	controllers/stackmonitoring/monitoredresource/diagrams
stackmonitoring	monitoredresourcetype	MonitoredResourceType	seeded	repo-authored-semantics	imports/stackmonitoring/monitoredresourcetype.json	controllers/stackmonitoring/monitoredresourcetype/spec.cfg	controllers/stackmonitoring/monitoredresourcetype/logic-gaps.md	controllers/stackmonitoring/monitoredresourcetype/diagrams
stackmonitoring	monitoringtemplate	MonitoringTemplate	seeded	repo-authored-semantics	imports/stackmonitoring/monitoringtemplate.json	controllers/stackmonitoring/monitoringtemplate/spec.cfg	controllers/stackmonitoring/monitoringtemplate/logic-gaps.md	controllers/stackmonitoring/monitoringtemplate/diagrams
stackmonitoring	processset	ProcessSet	seeded	repo-authored-semantics	imports/stackmonitoring/processset.json	controllers/stackmonitoring/processset/spec.cfg	controllers/stackmonitoring/processset/logic-gaps.md	controllers/stackmonitoring/processset/diagrams
streaming	stream	Stream	seeded	repo-authored-semantics	imports/streaming/stream.json	controllers/streaming/stream/spec.cfg	controllers/streaming/stream/logic-gaps.md	controllers/streaming/stream/diagrams
tenantmanagercontrolplane	domain	Domain	seeded	repo-authored-semantics	imports/tenantmanagercontrolplane/domain.json	controllers/tenantmanagercontrolplane/domain/spec.cfg	controllers/tenantmanagercontrolplane/domain/logic-gaps.md	controllers/tenantmanagercontrolplane/domain/diagrams
tenantmanagercontrolplane	domaingovernance	DomainGovernance	scaffold	repo-authored-semantics	imports/tenantmanagercontrolplane/domaingovernance.json	controllers/tenantmanagercontrolplane/domaingovernance/spec.cfg	controllers/tenantmanagercontrolplane/domaingovernance/logic-gaps.md	controllers/tenantmanagercontrolplane/domaingovernance/diagrams
tenantmanagercontrolplane	organization	Organization	seeded	repo-authored-semantics	imports/tenantmanagercontrolplane/organization.json	controllers/tenantmanagercontrolplane/organization/spec.cfg	controllers/tenantmanagercontrolplane/organization/logic-gaps.md	controllers/tenantmanagercontrolplane/organization/diagrams
usageapi	customtable	CustomTable	seeded	repo-authored-semantics	imports/usageapi/customtable.json	controllers/usageapi/customtable/spec.cfg	controllers/usageapi/customtable/logic-gaps.md	controllers/usageapi/customtable/diagrams
usageapi	query	Query	seeded	repo-authored-semantics	imports/usageapi/query.json	controllers/usageapi/query/spec.cfg	controllers/usageapi/query/logic-gaps.md	controllers/usageapi/query/diagrams
usageapi	schedule	Schedule	seeded	repo-authored-semantics	imports/usageapi/schedule.json	controllers/usageapi/schedule/spec.cfg	controllers/usageapi/schedule/logic-gaps.md	controllers/usageapi/schedule/diagrams
usageapi	usagecarbonemissionsquery	UsageCarbonEmissionsQuery	seeded	repo-authored-semantics	imports/usageapi/usagecarbonemissionsquery.json	controllers/usageapi/usagecarbonemissionsquery/spec.cfg	controllers/usageapi/usagecarbonemissionsquery/logic-gaps.md	controllers/usageapi/usagecarbonemissionsquery/diagrams
vbsinst	vbsinstance	VbsInstance	seeded	repo-authored-semantics	imports/vbsinst/vbsinstance.json	controllers/vbsinst/vbsinstance/spec.cfg	controllers/vbsinst/vbsinstance/logic-gaps.md	controllers/vbsinst/vbsinstance/diagrams
visualbuilder	vbinstance	VbInstance	seeded	repo-authored-semantics	imports/visualbuilder/vbinstance.json	controllers/visualbuilder/vbinstance/spec.cfg	controllers/visualbuilder/vbinstance/logic-gaps.md	controllers/visualbuilder/vbinstance/diagrams
vnmonitoring	pathanalyzertest	PathAnalyzerTest	seeded	repo-authored-semantics	imports/vnmonitoring/pathanalyzertest.json	controllers/vnmonitoring/pathanalyzertest/spec.cfg	controllers/vnmonitoring/pathanalyzertest/logic-gaps.md	controllers/vnmonitoring/pathanalyzertest/diagrams
vulnerabilityscanning	containerscanrecipe	ContainerScanRecipe	seeded	repo-authored-semantics	imports/vulnerabilityscanning/containerscanrecipe.json	controllers/vulnerabilityscanning/containerscanrecipe/spec.cfg	controllers/vulnerabilityscanning/containerscanrecipe/logic-gaps.md	controllers/vulnerabilityscanning/containerscanrecipe/diagrams
vulnerabilityscanning	containerscantarget	ContainerScanTarget	seeded	repo-authored-semantics	imports/vulnerabilityscanning/containerscantarget.json	controllers/vulnerabilityscanning/containerscantarget/spec.cfg	controllers/vulnerabilityscanning/containerscantarget/logic-gaps.md	controllers/vulnerabilityscanning/containerscantarget/diagrams
vulnerabilityscanning	hostscanrecipe	HostScanRecipe	seeded	repo-authored-semantics	imports/vulnerabilityscanning/hostscanrecipe.json	controllers/vulnerabilityscanning/hostscanrecipe/spec.cfg	controllers/vulnerabilityscanning/hostscanrecipe/logic-gaps.md	controllers/vulnerabilityscanning/hostscanrecipe/diagrams
vulnerabilityscanning	hostscantarget	HostScanTarget	seeded	repo-authored-semantics	imports/vulnerabilityscanning/hostscantarget.json	controllers/vulnerabilityscanning/hostscantarget/spec.cfg	controllers/vulnerabilityscanning/hostscantarget/logic-gaps.md	controllers/vulnerabilityscanning/hostscantarget/diagrams
waa	webappacceleration	WebAppAcceleration	seeded	repo-authored-semantics	imports/waa/webappacceleration.json	controllers/waa/webappacceleration/spec.cfg	controllers/waa/webappacceleration/logic-gaps.md	controllers/waa/webappacceleration/diagrams
waa	webappaccelerationpolicy	WebAppAccelerationPolicy	seeded	repo-authored-semantics	imports/waa/webappaccelerationpolicy.json	controllers/waa/webappaccelerationpolicy/spec.cfg	controllers/waa/webappaccelerationpolicy/logic-gaps.md	controllers/waa/webappaccelerationpolicy/diagrams
waas	addresslist	AddressList	seeded	repo-authored-semantics	imports/waas/addresslist.json	controllers/waas/addresslist/spec.cfg	controllers/waas/addresslist/logic-gaps.md	controllers/waas/addresslist/diagrams
waas	certificate	Certificate	seeded	repo-authored-semantics	imports/waas/certificate.json	controllers/waas/certificate/spec.cfg	controllers/waas/certificate/logic-gaps.md	controllers/waas/certificate/diagrams
waas	customprotectionrule	CustomProtectionRule	seeded	repo-authored-semantics	imports/waas/customprotectionrule.json	controllers/waas/customprotectionrule/spec.cfg	controllers/waas/customprotectionrule/logic-gaps.md	controllers/waas/customprotectionrule/diagrams
waas	httpredirect	HttpRedirect	seeded	repo-authored-semantics	imports/waas/httpredirect.json	controllers/waas/httpredirect/spec.cfg	controllers/waas/httpredirect/logic-gaps.md	controllers/waas/httpredirect/diagrams
waas	waaspolicy	WaasPolicy	seeded	repo-authored-semantics	imports/waas/waaspolicy.json	controllers/waas/waaspolicy/spec.cfg	controllers/waas/waaspolicy/logic-gaps.md	controllers/waas/waaspolicy/diagrams
waf	networkaddresslist	NetworkAddressList	seeded	repo-authored-semantics	imports/waf/networkaddresslist.json	controllers/waf/networkaddresslist/spec.cfg	controllers/waf/networkaddresslist/logic-gaps.md	controllers/waf/networkaddresslist/diagrams
waf	webappfirewall	WebAppFirewall	seeded	repo-authored-semantics	imports/waf/webappfirewall.json	controllers/waf/webappfirewall/spec.cfg	controllers/waf/webappfirewall/logic-gaps.md	controllers/waf/webappfirewall/diagrams
waf	webappfirewallpolicy	WebAppFirewallPolicy	seeded	repo-authored-semantics	imports/waf/webappfirewallpolicy.json	controllers/waf/webappfirewallpolicy/spec.cfg	controllers/waf/webappfirewallpolicy/logic-gaps.md	controllers/waf/webappfirewallpolicy/diagrams
wlms	managedinstance	ManagedInstance	seeded	repo-authored-semantics	imports/wlms/managedinstance.json	controllers/wlms/managedinstance/spec.cfg	controllers/wlms/managedinstance/logic-gaps.md	controllers/wlms/managedinstance/diagrams
wlms	wlsdomain	WlsDomain	seeded	repo-authored-semantics	imports/wlms/wlsdomain.json	controllers/wlms/wlsdomain/spec.cfg	controllers/wlms/wlsdomain/logic-gaps.md	controllers/wlms/wlsdomain/diagrams
zpr	configuration	Configuration	seeded	repo-authored-semantics	imports/zpr/configuration.json	controllers/zpr/configuration/spec.cfg	controllers/zpr/configuration/logic-gaps.md	controllers/zpr/configuration/diagrams
zpr	zprpolicy	ZprPolicy	seeded	repo-authored-semantics	imports/zpr/zprpolicy.json	controllers/zpr/zprpolicy/spec.cfg	controllers/zpr/zprpolicy/logic-gaps.md	controllers/zpr/zprpolicy/diagrams
